Char;Image[twemoji];Unicodecodepoint;Occurrences[5...max];Position[0...1];Neg[0...1];Neut[0...1];Pos[0...1];Sentiment score[-1...+1];Sentiment bar(c.i. 95%);Unicode name;Unicode block
ğŸ˜‚;ğŸ˜‚;128514;14622;0,805;0,247;0,285;0,468;0,221;NA;FACE WITH TEARS OF JOY;Emoticons
â¤;â¤;10084;8050;0,747;0,044;0,166;0,790;0,746;NA;HEAVY BLACK HEART;Dingbats
â™¥;â™¥;9829;7144;0,754;0,035;0,272;0,693;0,657;NA;BLACK HEART SUIT;Miscellaneous Symbols
ğŸ˜;ğŸ˜;128525;6359;0,765;0,052;0,219;0,729;0,678;NA;SMILING FACE WITH HEART-SHAPED EYES;Emoticons
ğŸ˜­;ğŸ˜­;128557;5526;0,803;0,436;0,220;0,343;-0,093;NA;LOUDLY CRYING FACE;Emoticons
ğŸ˜˜;ğŸ˜˜;128536;3648;0,854;0,053;0,193;0,754;0,701;NA;FACE THROWING A KISS;Emoticons
ğŸ˜Š;ğŸ˜Š;128522;3186;0,813;0,060;0,237;0,704;0,644;NA;SMILING FACE WITH SMILING EYES;Emoticons
ğŸ‘Œ;ğŸ‘Œ;128076;2925;0,805;0,094;0,249;0,657;0,563;NA;OK HAND SIGN;Miscellaneous Symbols and Pictographs
ğŸ’•;ğŸ’•;128149;2400;0,766;0,042;0,285;0,674;0,632;NA;TWO HEARTS;Miscellaneous Symbols and Pictographs
ğŸ‘;ğŸ‘;128079;2336;0,787;0,104;0,271;0,624;0,520;NA;CLAPPING HANDS SIGN;Miscellaneous Symbols and Pictographs
ğŸ˜;ğŸ˜;128513;2189;0,796;0,127;0,296;0,577;0,449;NA;GRINNING FACE WITH SMILING EYES;Emoticons
â˜º;â˜º;9786;2062;0,799;0,062;0,218;0,720;0,657;NA;WHITE SMILING FACE;Miscellaneous Symbols
â™¡;â™¡;9825;1975;0,764;0,052;0,227;0,721;0,669;NA;WHITE HEART SUIT;Miscellaneous Symbols
ğŸ‘;ğŸ‘;128077;1854;0,812;0,115;0,248;0,637;0,521;NA;THUMBS UP SIGN;Miscellaneous Symbols and Pictographs
ğŸ˜©;ğŸ˜©;128553;1808;0,826;0,591;0,186;0,223;-0,368;NA;WEARY FACE;Emoticons
ğŸ™;ğŸ™;128591;1539;0,794;0,081;0,421;0,498;0,417;NA;PERSON WITH FOLDED HANDS;Emoticons
âœŒ;âœŒ;9996;1534;0,790;0,113;0,310;0,576;0,463;NA;VICTORY HAND;Dingbats
ğŸ˜;ğŸ˜;128527;1522;0,765;0,112;0,444;0,444;0,332;NA;SMIRKING FACE;Emoticons
ğŸ˜‰;ğŸ˜‰;128521;1521;0,845;0,100;0,337;0,563;0,463;NA;WINKING FACE;Emoticons
ğŸ™Œ;ğŸ™Œ;128588;1506;0,791;0,101;0,238;0,661;0,559;NA;PERSON RAISING BOTH HANDS IN CELEBRATION;Emoticons
ğŸ™ˆ;ğŸ™ˆ;128584;1456;0,739;0,164;0,241;0,596;0,432;NA;SEE-NO-EVIL MONKEY;Emoticons
ğŸ’ª;ğŸ’ª;128170;1409;0,807;0,072;0,301;0,627;0,555;NA;FLEXED BICEPS;Miscellaneous Symbols and Pictographs
ğŸ˜„;ğŸ˜„;128516;1398;0,795;0,137;0,305;0,558;0,421;NA;SMILING FACE WITH OPEN MOUTH AND SMILING EYES;Emoticons
ğŸ˜’;ğŸ˜’;128530;1385;0,858;0,591;0,192;0,217;-0,374;NA;UNAMUSED FACE;Emoticons
ğŸ’ƒ;ğŸ’ƒ;128131;1344;0,853;0,045;0,177;0,779;0,734;NA;DANCER;Miscellaneous Symbols and Pictographs
ğŸ’–;ğŸ’–;128150;1263;0,762;0,043;0,201;0,755;0,712;NA;SPARKLING HEART;Miscellaneous Symbols and Pictographs
ğŸ˜ƒ;ğŸ˜ƒ;128515;1206;0,735;0,072;0,299;0,629;0,557;NA;SMILING FACE WITH OPEN MOUTH;Emoticons
ğŸ˜”;ğŸ˜”;128532;1205;0,866;0,464;0,219;0,318;-0,146;NA;PENSIVE FACE;Emoticons
ğŸ˜±;ğŸ˜±;128561;1130;0,773;0,264;0,282;0,454;0,190;NA;FACE SCREAMING IN FEAR;Emoticons
ğŸ‰;ğŸ‰;127881;1125;0,744;0,039;0,184;0,777;0,738;NA;PARTY POPPER;Miscellaneous Symbols and Pictographs
ğŸ˜œ;ğŸ˜œ;128540;1035;0,822;0,112;0,322;0,566;0,455;NA;FACE WITH STUCK-OUT TONGUE AND WINKING EYE;Emoticons
â˜¯;â˜¯;9775;992;0,384;0,006;0,987;0,007;0,001;NA;YIN YANG;Miscellaneous Symbols
ğŸŒ¸;ğŸŒ¸;127800;946;0,570;0,040;0,270;0,690;0,650;NA;CHERRY BLOSSOM;Miscellaneous Symbols and Pictographs
ğŸ’œ;ğŸ’œ;128156;939;0,731;0,045;0,257;0,699;0,654;NA;PURPLE HEART;Miscellaneous Symbols and Pictographs
ğŸ’™;ğŸ’™;128153;912;0,703;0,033;0,204;0,763;0,730;NA;BLUE HEART;Miscellaneous Symbols and Pictographs
âœ¨;âœ¨;10024;848;0,560;0,052;0,545;0,403;0,351;NA;SPARKLES;Dingbats
ğŸ˜³;ğŸ˜³;128563;846;0,797;0,327;0,327;0,345;0,018;NA;FLUSHED FACE;Emoticons
ğŸ’—;ğŸ’—;128151;836;0,800;0,051;0,241;0,708;0,657;NA;GROWING HEART;Miscellaneous Symbols and Pictographs
â˜…;â˜…;9733;828;0,353;0,031;0,655;0,314;0,283;NA;BLACK STAR;Miscellaneous Symbols
â–ˆ;â–ˆ;9608;798;0,634;0,090;0,853;0,057;-0,032;NA;FULL BLOCK;Block Elements
â˜€;â˜€;9728;786;0,546;0,028;0,479;0,493;0,465;NA;BLACK SUN WITH RAYS;Miscellaneous Symbols
ğŸ˜¡;ğŸ˜¡;128545;756;0,862;0,532;0,108;0,360;-0,173;NA;POUTING FACE;Emoticons
ğŸ˜;ğŸ˜;128526;754;0,766;0,106;0,297;0,597;0,491;NA;SMILING FACE WITH SUNGLASSES;Emoticons
ğŸ˜¢;ğŸ˜¢;128546;749;0,814;0,384;0,225;0,391;0,007;NA;CRYING FACE;Emoticons
ğŸ’‹;ğŸ’‹;128139;734;0,801;0,039;0,231;0,730;0,691;NA;KISS MARK;Miscellaneous Symbols and Pictographs
ğŸ˜‹;ğŸ˜‹;128523;734;0,765;0,046;0,277;0,677;0,631;NA;FACE SAVOURING DELICIOUS FOOD;Emoticons
ğŸ™Š;ğŸ™Š;128586;725;0,741;0,135;0,272;0,593;0,459;NA;SPEAK-NO-EVIL MONKEY;Emoticons
ğŸ˜´;ğŸ˜´;128564;718;0,850;0,422;0,237;0,341;-0,080;NA;SLEEPING FACE;Emoticons
ğŸ¶;ğŸ¶;127926;701;0,797;0,097;0,270;0,634;0,537;NA;MULTIPLE MUSICAL NOTES;Miscellaneous Symbols and Pictographs
ğŸ’;ğŸ’;128158;687;0,829;0,041;0,180;0,780;0,739;NA;REVOLVING HEARTS;Miscellaneous Symbols and Pictographs
ğŸ˜Œ;ğŸ˜Œ;128524;665;0,847;0,141;0,237;0,623;0,482;NA;RELIEVED FACE;Emoticons
ğŸ”¥;ğŸ”¥;128293;651;0,616;0,124;0,613;0,263;0,139;NA;FIRE;Miscellaneous Symbols and Pictographs
ğŸ’¯;ğŸ’¯;128175;637;0,872;0,281;0,317;0,402;0,120;NA;HUNDRED POINTS SYMBOL;Miscellaneous Symbols and Pictographs
ğŸ”«;ğŸ”«;128299;604;0,894;0,493;0,209;0,298;-0,194;NA;PISTOL;Miscellaneous Symbols and Pictographs
ğŸ’›;ğŸ’›;128155;602;0,752;0,043;0,205;0,752;0,709;NA;YELLOW HEART;Miscellaneous Symbols and Pictographs
ğŸ’;ğŸ’;128129;549;0,840;0,192;0,290;0,518;0,326;NA;INFORMATION DESK PERSON;Miscellaneous Symbols and Pictographs
ğŸ’š;ğŸ’š;128154;537;0,737;0,078;0,189;0,733;0,656;NA;GREEN HEART;Miscellaneous Symbols and Pictographs
â™«;â™«;9835;533;0,397;0,063;0,586;0,351;0,287;NA;BEAMED EIGHTH NOTES;Miscellaneous Symbols
ğŸ˜;ğŸ˜;128542;532;0,825;0,479;0,161;0,361;-0,118;NA;DISAPPOINTED FACE;Emoticons
ğŸ˜†;ğŸ˜†;128518;527;0,809;0,155;0,281;0,564;0,409;NA;SMILING FACE WITH OPEN MOUTH AND TIGHTLY-CLOSED EYES;Emoticons
ğŸ˜;ğŸ˜;128541;496;0,809;0,132;0,313;0,555;0,423;NA;FACE WITH STUCK-OUT TONGUE AND TIGHTLY-CLOSED EYES;Emoticons
ğŸ˜ª;ğŸ˜ª;128554;482;0,858;0,431;0,219;0,351;-0,080;NA;SLEEPY FACE;Emoticons
ï¿½;ï¿½;65533;472;0,113;0,166;0,581;0,253;0,086;NA;REPLACEMENT CHARACTER;Specials
ğŸ˜«;ğŸ˜«;128555;467;0,840;0,485;0,174;0,340;-0,145;NA;TIRED FACE;Emoticons
ğŸ˜…;ğŸ˜…;128517;462;0,828;0,292;0,237;0,471;0,178;NA;SMILING FACE WITH OPEN MOUTH AND COLD SWEAT;Emoticons
ğŸ‘Š;ğŸ‘Š;128074;458;0,825;0,265;0,243;0,492;0,228;NA;FISTED HAND SIGN;Miscellaneous Symbols and Pictographs
ğŸ’€;ğŸ’€;128128;456;0,739;0,468;0,270;0,261;-0,207;NA;SKULL;Miscellaneous Symbols and Pictographs
ğŸ˜€;ğŸ˜€;128512;439;0,786;0,086;0,260;0,654;0,568;NA;GRINNING FACE;Emoticons
ğŸ˜š;ğŸ˜š;128538;424;0,853;0,049;0,192;0,759;0,710;NA;KISSING FACE WITH CLOSED EYES;Emoticons
ğŸ˜»;ğŸ˜»;128571;417;0,730;0,069;0,243;0,688;0,619;NA;SMILING CAT FACE WITH HEART-SHAPED EYES;Emoticons
Â©;Â©;169;416;0,740;0,131;0,621;0,248;0,117;NA;COPYRIGHT SIGN;Latin-1 Supplement
ğŸ‘€;ğŸ‘€;128064;410;0,759;0,228;0,482;0,291;0,063;NA;EYES;Miscellaneous Symbols and Pictographs
ğŸ’˜;ğŸ’˜;128152;395;0,785;0,048;0,221;0,731;0,683;NA;HEART WITH ARROW;Miscellaneous Symbols and Pictographs
ğŸ“;ğŸ“;128019;384;0,491;0,109;0,755;0,137;0,028;NA;ROOSTER;Miscellaneous Symbols and Pictographs
â˜•;â˜•;9749;382;0,685;0,140;0,475;0,384;0,244;NA;HOT BEVERAGE;Miscellaneous Symbols
ğŸ‘‹;ğŸ‘‹;128075;382;0,798;0,158;0,270;0,571;0,413;NA;WAVING HAND SIGN;Miscellaneous Symbols and Pictographs
âœ‹;âœ‹;9995;378;0,838;0,328;0,218;0,454;0,126;NA;RAISED HAND;Dingbats
ğŸŠ;ğŸŠ;127882;363;0,724;0,057;0,164;0,779;0,721;NA;CONFETTI BALL;Miscellaneous Symbols and Pictographs
ğŸ•;ğŸ•;127829;352;0,545;0,056;0,470;0,473;0,417;NA;SLICE OF PIZZA;Miscellaneous Symbols and Pictographs
â„;â„;10052;349;0,760;0,099;0,295;0,605;0,506;NA;SNOWFLAKE;Dingbats
ğŸ˜¥;ğŸ˜¥;128549;341;0,882;0,317;0,244;0,439;0,122;NA;DISAPPOINTED BUT RELIEVED FACE;Emoticons
ğŸ˜•;ğŸ˜•;128533;340;0,857;0,601;0,195;0,204;-0,397;NA;CONFUSED FACE;Emoticons
ğŸ’¥;ğŸ’¥;128165;329;0,587;0,072;0,708;0,220;0,148;NA;COLLISION SYMBOL;Miscellaneous Symbols and Pictographs
ğŸ’”;ğŸ’”;128148;328;0,836;0,414;0,293;0,293;-0,121;NA;BROKEN HEART;Miscellaneous Symbols and Pictographs
ğŸ˜¤;ğŸ˜¤;128548;327;0,884;0,479;0,252;0,270;-0,209;NA;FACE WITH LOOK OF TRIUMPH;Emoticons
ğŸ˜ˆ;ğŸ˜ˆ;128520;325;0,762;0,204;0,326;0,470;0,265;NA;SMILING FACE WITH HORNS;Emoticons
â–º;â–º;9658;325;0,516;0,125;0,588;0,287;0,162;NA;BLACK RIGHT-POINTING POINTER;Geometric Shapes
âœˆ;âœˆ;9992;322;0,522;0,043;0,498;0,458;0,415;NA;AIRPLANE;Dingbats
ğŸ”;ğŸ”;128285;303;0,798;0,088;0,350;0,562;0,474;NA;TOP WITH UPWARDS ARROW ABOVE;Miscellaneous Symbols and Pictographs
ğŸ˜°;ğŸ˜°;128560;302;0,920;0,436;0,148;0,416;-0,020;NA;FACE WITH OPEN MOUTH AND COLD SWEAT;Emoticons
âš½;âš½;9917;299;0,193;0,053;0,278;0,669;0,616;NA;SOCCER BALL;Miscellaneous Symbols
ğŸ˜‘;ğŸ˜‘;128529;299;0,844;0,513;0,285;0,202;-0,311;NA;EXPRESSIONLESS FACE;Emoticons
ğŸ‘‘;ğŸ‘‘;128081;298;0,699;0,043;0,219;0,738;0,694;NA;CROWN;Miscellaneous Symbols and Pictographs
ğŸ˜¹;ğŸ˜¹;128569;295;0,807;0,299;0,262;0,440;0,141;NA;CAT FACE WITH TEARS OF JOY;Emoticons
ğŸ‘‰;ğŸ‘‰;128073;292;0,559;0,071;0,468;0,461;0,390;NA;WHITE RIGHT POINTING BACKHAND INDEX;Miscellaneous Symbols and Pictographs
ğŸƒ;ğŸƒ;127811;291;0,572;0,102;0,418;0,480;0,378;NA;LEAF FLUTTERING IN WIND;Miscellaneous Symbols and Pictographs
ğŸ;ğŸ;127873;288;0,709;0,041;0,158;0,801;0,759;NA;WRAPPED PRESENT;Miscellaneous Symbols and Pictographs
ğŸ˜ ;ğŸ˜ ;128544;288;0,849;0,564;0,172;0,265;-0,299;NA;ANGRY FACE;Emoticons
ğŸ§;ğŸ§;128039;284;0,540;0,042;0,460;0,498;0,456;NA;PENGUIN;Miscellaneous Symbols and Pictographs
â˜†;â˜†;9734;282;0,563;0,032;0,509;0,460;0,428;NA;WHITE STAR;Miscellaneous Symbols
ğŸ€;ğŸ€;127808;278;0,768;0,025;0,665;0,310;0,285;NA;FOUR LEAF CLOVER;Miscellaneous Symbols and Pictographs
ğŸˆ;ğŸˆ;127880;277;0,719;0,018;0,246;0,736;0,718;NA;BALLOON;Miscellaneous Symbols and Pictographs
ğŸ…;ğŸ…;127877;274;0,801;0,029;0,625;0,347;0,318;NA;FATHER CHRISTMAS;Miscellaneous Symbols and Pictographs
ğŸ˜“;ğŸ˜“;128531;273;0,845;0,431;0,217;0,351;-0,080;NA;FACE WITH COLD SWEAT;Emoticons
ğŸ˜£;ğŸ˜£;128547;271;0,903;0,540;0,131;0,328;-0,212;NA;PERSEVERING FACE;Emoticons
ğŸ˜;ğŸ˜;128528;270;0,883;0,553;0,282;0,165;-0,388;NA;NEUTRAL FACE;Emoticons
âœŠ;âœŠ;9994;270;0,859;0,139;0,293;0,568;0,429;NA;RAISED FIST;Dingbats
ğŸ˜¨;ğŸ˜¨;128552;269;0,814;0,434;0,272;0,294;-0,140;NA;FEARFUL FACE;Emoticons
ğŸ˜–;ğŸ˜–;128534;268;0,869;0,483;0,188;0,328;-0,155;NA;CONFOUNDED FACE;Emoticons
ğŸ’¤;ğŸ’¤;128164;267;0,800;0,144;0,341;0,515;0,370;NA;SLEEPING SYMBOL;Miscellaneous Symbols and Pictographs
ğŸ’“;ğŸ’“;128147;259;0,783;0,061;0,214;0,725;0,664;NA;BEATING HEART;Miscellaneous Symbols and Pictographs
ğŸ‘;ğŸ‘;128078;258;0,914;0,494;0,199;0,307;-0,188;NA;THUMBS DOWN SIGN;Miscellaneous Symbols and Pictographs
ğŸ’¦;ğŸ’¦;128166;252;0,779;0,141;0,247;0,612;0,471;NA;SPLASHING SWEAT SYMBOL;Miscellaneous Symbols and Pictographs
âœ”;âœ”;10004;249;0,565;0,127;0,476;0,397;0,270;NA;HEAVY CHECK MARK;Dingbats
ğŸ˜·;ğŸ˜·;128567;246;0,840;0,474;0,221;0,305;-0,169;NA;FACE WITH MEDICAL MASK;Emoticons
âš¡;âš¡;9889;246;0,779;0,044;0,735;0,221;0,177;NA;HIGH VOLTAGE SIGN;Miscellaneous Symbols
ğŸ™‹;ğŸ™‹;128587;236;0,733;0,130;0,255;0,615;0,485;NA;HAPPY PERSON RAISING ONE HAND;Emoticons
ğŸ„;ğŸ„;127876;236;0,633;0,067;0,335;0,598;0,531;NA;CHRISTMAS TREE;Miscellaneous Symbols and Pictographs
ğŸ’©;ğŸ’©;128169;229;0,840;0,409;0,297;0,293;-0,116;NA;PILE OF POO;Miscellaneous Symbols and Pictographs
ğŸµ;ğŸµ;127925;223;0,715;0,106;0,288;0,606;0,500;NA;MUSICAL NOTE;Miscellaneous Symbols and Pictographs
â¡;â¡;10145;222;0,478;0,013;0,827;0,160;0,147;NA;BLACK RIGHTWARDS ARROW;Dingbats
ğŸ˜›;ğŸ˜›;128539;220;0,734;0,085;0,229;0,686;0,601;NA;FACE WITH STUCK-OUT TONGUE;Emoticons
ğŸ˜¬;ğŸ˜¬;128556;214;0,794;0,267;0,272;0,461;0,194;NA;GRIMACING FACE;Emoticons
ğŸ‘¯;ğŸ‘¯;128111;211;0,742;0,117;0,327;0,556;0,439;NA;WOMAN WITH BUNNY EARS;Miscellaneous Symbols and Pictographs
ğŸ’;ğŸ’;128142;209;0,694;0,057;0,325;0,618;0,561;NA;GEM STONE;Miscellaneous Symbols and Pictographs
ğŸŒ¿;ğŸŒ¿;127807;208;0,600;0,009;0,597;0,393;0,384;NA;HERB;Miscellaneous Symbols and Pictographs
ğŸ‚;ğŸ‚;127874;201;0,748;0,083;0,221;0,696;0,613;NA;BIRTHDAY CAKE;Miscellaneous Symbols and Pictographs
ğŸŒŸ;ğŸŒŸ;127775;199;0,655;0,059;0,554;0,386;0,327;NA;GLOWING STAR;Miscellaneous Symbols and Pictographs
ğŸ”®;ğŸ”®;128302;199;0,333;0,035;0,663;0,302;0,267;NA;CRYSTAL BALL;Miscellaneous Symbols and Pictographs
â—;â—;10071;198;0,620;0,159;0,582;0,259;0,100;NA;HEAVY EXCLAMATION MARK SYMBOL;Dingbats
ğŸ‘«;ğŸ‘«;128107;197;0,664;0,220;0,305;0,475;0,255;NA;MAN AND WOMAN HOLDING HANDS;Miscellaneous Symbols and Pictographs
ğŸ†;ğŸ†;127942;194;0,706;0,036;0,203;0,761;0,726;NA;TROPHY;Miscellaneous Symbols and Pictographs
âœ–;âœ–;10006;193;0,515;0,046;0,597;0,357;0,311;NA;HEAVY MULTIPLICATION X;Dingbats
â˜;â˜;9757;191;0,760;0,144;0,402;0,454;0,309;NA;WHITE UP POINTING INDEX;Miscellaneous Symbols
ğŸ˜™;ğŸ˜™;128537;191;0,876;0,021;0,180;0,799;0,778;NA;KISSING FACE WITH SMILING EYES;Emoticons
â›„;â›„;9924;191;0,739;0,077;0,325;0,598;0,521;NA;SNOWMAN WITHOUT SNOW;Miscellaneous Symbols
ğŸ‘…;ğŸ‘…;128069;190;0,738;0,124;0,290;0,585;0,461;NA;TONGUE;Miscellaneous Symbols and Pictographs
â™ª;â™ª;9834;190;0,696;0,083;0,301;0,617;0,534;NA;EIGHTH NOTE;Miscellaneous Symbols
ğŸ‚;ğŸ‚;127810;189;0,635;0,036;0,380;0,583;0,547;NA;FALLEN LEAF;Miscellaneous Symbols and Pictographs
ğŸ’;ğŸ’;128143;185;0,729;0,181;0,250;0,569;0,388;NA;KISS;Miscellaneous Symbols and Pictographs
ğŸ”ª;ğŸ”ª;128298;183;0,764;0,210;0,511;0,280;0,070;NA;HOCHO;Miscellaneous Symbols and Pictographs
ğŸŒ´;ğŸŒ´;127796;178;0,676;0,077;0,320;0,602;0,525;NA;PALM TREE;Miscellaneous Symbols and Pictographs
ğŸ‘ˆ;ğŸ‘ˆ;128072;174;0,701;0,085;0,407;0,508;0,424;NA;WHITE LEFT POINTING BACKHAND INDEX;Miscellaneous Symbols and Pictographs
ğŸŒ¹;ğŸŒ¹;127801;172;0,664;0,023;0,354;0,623;0,600;NA;ROSE;Miscellaneous Symbols and Pictographs
ğŸ™†;ğŸ™†;128582;171;0,840;0,092;0,316;0,592;0,500;NA;FACE WITH OK GESTURE;Emoticons
âœ;âœ;10140;170;0,559;0,052;0,734;0,214;0,162;NA;HEAVY ROUND-TIPPED RIGHTWARDS ARROW;Dingbats
ğŸ‘»;ğŸ‘»;128123;168;0,741;0,170;0,433;0,398;0,228;NA;GHOST;Miscellaneous Symbols and Pictographs
ğŸ’°;ğŸ’°;128176;168;0,827;0,158;0,433;0,409;0,251;NA;MONEY BAG;Miscellaneous Symbols and Pictographs
ğŸ»;ğŸ»;127867;165;0,745;0,107;0,274;0,619;0,512;NA;CLINKING BEER MUGS;Miscellaneous Symbols and Pictographs
ğŸ™…;ğŸ™…;128581;165;0,839;0,458;0,286;0,256;-0,202;NA;FACE WITH NO GOOD GESTURE;Emoticons
ğŸŒ;ğŸŒ;127774;162;0,709;0,024;0,394;0,582;0,558;NA;SUN WITH FACE;Miscellaneous Symbols and Pictographs
ğŸ;ğŸ;127809;161;0,624;0,037;0,445;0,518;0,482;NA;MAPLE LEAF;Miscellaneous Symbols and Pictographs
â­;â­;11088;159;0,601;0,037;0,346;0,617;0,580;NA;WHITE MEDIUM STAR;Miscellaneous Symbols and Arrows
â–ª;â–ª;9642;159;0,145;0,099;0,605;0,296;0,198;NA;BLACK SMALL SQUARE;Geometric Shapes
ğŸ€;ğŸ€;127872;156;0,652;0,044;0,283;0,673;0,629;NA;RIBBON;Miscellaneous Symbols and Pictographs
â”;â”;9473;156;0,540;0,094;0,635;0,270;0,176;NA;BOX DRAWINGS HEAVY HORIZONTAL;Box Drawing
â˜·;â˜·;9783;154;0,012;0,019;0,898;0,083;0,064;NA;TRIGRAM FOR EARTH;Miscellaneous Symbols
ğŸ·;ğŸ·;128055;152;0,603;0,077;0,477;0,445;0,368;NA;PIG FACE;Miscellaneous Symbols and Pictographs
ğŸ™‰;ğŸ™‰;128585;150;0,758;0,176;0,314;0,510;0,333;NA;HEAR-NO-EVIL MONKEY;Emoticons
ğŸŒº;ğŸŒº;127802;150;0,629;0,020;0,412;0,569;0,549;NA;HIBISCUS;Miscellaneous Symbols and Pictographs
ğŸ’…;ğŸ’…;128133;149;0,756;0,184;0,243;0,572;0,388;NA;"NAIL POLISH";Miscellaneous Symbols and Pictographs
ğŸ¶;ğŸ¶;128054;148;0,654;0,086;0,252;0,662;0,576;NA;DOG FACE;Miscellaneous Symbols and Pictographs
ğŸŒš;ğŸŒš;127770;148;0,760;0,159;0,219;0,623;0,464;NA;NEW MOON WITH FACE;Miscellaneous Symbols and Pictographs
ğŸ‘½;ğŸ‘½;128125;146;0,612;0,094;0,497;0,409;0,315;NA;EXTRATERRESTRIAL ALIEN;Miscellaneous Symbols and Pictographs
ğŸ¤;ğŸ¤;127908;144;0,671;0,122;0,279;0,599;0,476;NA;MICROPHONE;Miscellaneous Symbols and Pictographs
ğŸ‘­;ğŸ‘­;128109;144;0,667;0,143;0,252;0,605;0,463;NA;TWO WOMEN HOLDING HANDS;Miscellaneous Symbols and Pictographs
ğŸ§;ğŸ§;127911;142;0,843;0,131;0,324;0,545;0,414;NA;HEADPHONE;Miscellaneous Symbols and Pictographs
ğŸ‘†;ğŸ‘†;128070;138;0,787;0,121;0,433;0,447;0,326;NA;WHITE UP POINTING BACKHAND INDEX;Miscellaneous Symbols and Pictographs
ğŸ¸;ğŸ¸;127864;138;0,663;0,092;0,277;0,631;0,539;NA;COCKTAIL GLASS;Miscellaneous Symbols and Pictographs
ğŸ·;ğŸ·;127863;137;0,604;0,057;0,493;0,450;0,393;NA;WINE GLASS;Miscellaneous Symbols and Pictographs
Â®;Â®;174;137;0,353;0,071;0,579;0,350;0,279;NA;REGISTERED SIGN;Latin-1 Supplement
ğŸ‰;ğŸ‰;127817;136;0,648;0,079;0,245;0,676;0,597;NA;WATERMELON;Miscellaneous Symbols and Pictographs
ğŸ˜‡;ğŸ˜‡;128519;135;0,782;0,072;0,268;0,659;0,587;NA;SMILING FACE WITH HALO;Emoticons
â˜‘;â˜‘;9745;135;0,690;0,022;0,855;0,123;0,101;NA;BALLOT BOX WITH CHECK;Miscellaneous Symbols
ğŸƒ;ğŸƒ;127939;135;0,735;0,094;0,406;0,500;0,406;NA;RUNNER;Miscellaneous Symbols and Pictographs
ğŸ˜¿;ğŸ˜¿;128575;134;0,812;0,577;0,219;0,204;-0,372;NA;CRYING CAT FACE;Emoticons
â”‚;â”‚;9474;134;0,483;0,007;0,642;0,350;0,343;NA;BOX DRAWINGS LIGHT VERTICAL;Box Drawing
ğŸ’£;ğŸ’£;128163;131;0,847;0,306;0,381;0,313;0,007;NA;BOMB;Miscellaneous Symbols and Pictographs
ğŸº;ğŸº;127866;131;0,682;0,067;0,373;0,560;0,493;NA;BEER MUG;Miscellaneous Symbols and Pictographs
â–¶;â–¶;9654;131;0,498;0,060;0,672;0,269;0,209;NA;BLACK RIGHT-POINTING TRIANGLE;Geometric Shapes
ğŸ˜²;ğŸ˜²;128562;129;0,854;0,386;0,295;0,318;-0,068;NA;ASTONISHED FACE;Emoticons
ğŸ¸;ğŸ¸;127928;125;0,605;0,016;0,453;0,531;0,516;NA;GUITAR;Miscellaneous Symbols and Pictographs
ğŸ¹;ğŸ¹;127865;123;0,764;0,048;0,246;0,706;0,659;NA;TROPICAL DRINK;Miscellaneous Symbols and Pictographs
ğŸ’«;ğŸ’«;128171;121;0,614;0,040;0,419;0,540;0,500;NA;DIZZY SYMBOL;Miscellaneous Symbols and Pictographs
ğŸ“š;ğŸ“š;128218;119;0,692;0,189;0,287;0,525;0,336;NA;BOOKS;Miscellaneous Symbols and Pictographs
ğŸ˜¶;ğŸ˜¶;128566;117;0,869;0,425;0,292;0,283;-0,142;NA;FACE WITHOUT MOUTH;Emoticons
ğŸŒ·;ğŸŒ·;127799;116;0,623;0,008;0,445;0,546;0,538;NA;TULIP;Miscellaneous Symbols and Pictographs
ğŸ’;ğŸ’;128157;115;0,774;0,076;0,203;0,720;0,644;NA;HEART WITH RIBBON;Miscellaneous Symbols and Pictographs
ğŸ’¨;ğŸ’¨;128168;115;0,711;0,110;0,398;0,492;0,381;NA;DASH SYMBOL;Miscellaneous Symbols and Pictographs
ğŸˆ;ğŸˆ;127944;114;0,823;0,068;0,333;0,598;0,530;NA;AMERICAN FOOTBALL;Miscellaneous Symbols and Pictographs
ğŸ’;ğŸ’;128141;112;0,808;0,148;0,226;0,626;0,478;NA;RING;Miscellaneous Symbols and Pictographs
â˜”;â˜”;9748;111;0,687;0,193;0,325;0,482;0,289;NA;UMBRELLA WITH RAIN DROPS;Miscellaneous Symbols
ğŸ‘¸;ğŸ‘¸;128120;111;0,654;0,061;0,272;0,667;0,605;NA;PRINCESS;Miscellaneous Symbols and Pictographs
ğŸ‡ª;ğŸ‡ª;127466;109;0,699;0,027;0,330;0,643;0,616;NA;REGIONAL INDICATOR SYMBOL LETTER E;Enclosed Alphanumeric Supplement
â–‘;â–‘;9617;108;0,439;0,234;0,577;0,189;-0,045;NA;LIGHT SHADE;Block Elements
ğŸ©;ğŸ©;127849;107;0,709;0,145;0,327;0,527;0,382;NA;DOUGHNUT;Miscellaneous Symbols and Pictographs
ğŸ‘¾;ğŸ‘¾;128126;105;0,552;0,019;0,602;0,380;0,361;NA;ALIEN MONSTER;Miscellaneous Symbols and Pictographs
â˜;â˜;9729;104;0,596;0,140;0,411;0,449;0,308;NA;CLOUD;Miscellaneous Symbols
ğŸŒ»;ğŸŒ»;127803;104;0,607;0,019;0,393;0,589;0,570;NA;SUNFLOWER;Miscellaneous Symbols and Pictographs
ğŸ˜µ;ğŸ˜µ;128565;103;0,809;0,321;0,274;0,406;0,085;NA;DIZZY FACE;Emoticons
ğŸ“’;ğŸ“’;128210;102;0,474;0,010;0,943;0,048;0,038;NA;LEDGER;Miscellaneous Symbols and Pictographs
â†¿;â†¿;8639;102;0,711;0,010;0,333;0,657;0,648;NA;UPWARDS HARPOON WITH BARB LEFTWARDS;Arrows
ğŸ¯;ğŸ¯;128047;100;0,550;0,049;0,427;0,524;0,476;NA;TIGER FACE;Miscellaneous Symbols and Pictographs
ğŸ‘¼;ğŸ‘¼;128124;99;0,683;0,176;0,314;0,510;0,333;NA;BABY ANGEL;Miscellaneous Symbols and Pictographs
ğŸ”;ğŸ”;127828;98;0,637;0,168;0,386;0,446;0,277;NA;HAMBURGER;Miscellaneous Symbols and Pictographs
ğŸ˜¸;ğŸ˜¸;128568;97;0,782;0,120;0,350;0,530;0,410;NA;GRINNING CAT FACE WITH SMILING EYES;Emoticons
ğŸ‘¶;ğŸ‘¶;128118;96;0,745;0,141;0,283;0,576;0,434;NA;BABY;Miscellaneous Symbols and Pictographs
â†¾;â†¾;8638;96;0,707;0,010;0,333;0,657;0,646;NA;UPWARDS HARPOON WITH BARB RIGHTWARDS;Arrows
ğŸ’;ğŸ’;128144;95;0,728;0,041;0,184;0,776;0,735;NA;BOUQUET;Miscellaneous Symbols and Pictographs
ğŸŒŠ;ğŸŒŠ;127754;95;0,780;0,092;0,316;0,592;0,500;NA;WATER WAVE;Miscellaneous Symbols and Pictographs
ğŸ¦;ğŸ¦;127846;95;0,630;0,143;0,255;0,602;0,459;NA;SOFT ICE CREAM;Miscellaneous Symbols and Pictographs
ğŸ“;ğŸ“;127827;94;0,689;0,041;0,247;0,711;0,670;NA;STRAWBERRY;Miscellaneous Symbols and Pictographs
ğŸ‘‡;ğŸ‘‡;128071;94;0,557;0,144;0,464;0,392;0,247;NA;WHITE DOWN POINTING BACKHAND INDEX;Miscellaneous Symbols and Pictographs
ğŸ’†;ğŸ’†;128134;92;0,814;0,263;0,253;0,484;0,221;NA;FACE MASSAGE;Miscellaneous Symbols and Pictographs
ğŸ´;ğŸ´;127860;92;0,580;0,053;0,358;0,589;0,537;NA;FORK AND KNIFE;Miscellaneous Symbols and Pictographs
ğŸ˜§;ğŸ˜§;128551;92;0,775;0,389;0,284;0,326;-0,063;NA;ANGUISHED FACE;Emoticons
ğŸ‡¸;ğŸ‡¸;127480;91;0,655;0,096;0,298;0,606;0,511;NA;REGIONAL INDICATOR SYMBOL LETTER S;Enclosed Alphanumeric Supplement
ğŸ˜®;ğŸ˜®;128558;90;0,774;0,183;0,366;0,452;0,269;NA;FACE WITH OPEN MOUTH;Emoticons
â–“;â–“;9619;90;0,658;0,032;0,925;0,043;0,011;NA;DARK SHADE;Block Elements
ğŸš«;ğŸš«;128683;88;0,703;0,538;0,363;0,099;-0,440;NA;NO ENTRY SIGN;Transport and Map Symbols
ğŸ˜½;ğŸ˜½;128573;88;0,754;0,132;0,165;0,703;0,571;NA;KISSING CAT FACE WITH CLOSED EYES;Emoticons
ğŸŒˆ;ğŸŒˆ;127752;88;0,672;0,066;0,352;0,582;0,516;NA;RAINBOW;Miscellaneous Symbols and Pictographs
ğŸ™€;ğŸ™€;128576;88;0,791;0,165;0,341;0,495;0,330;NA;WEARY CAT FACE;Emoticons
âš ;âš ;9888;88;0,489;0,187;0,692;0,121;-0,066;NA;WARNING SIGN;Miscellaneous Symbols
ğŸ®;ğŸ®;127918;86;0,467;0,101;0,371;0,528;0,427;NA;VIDEO GAME;Miscellaneous Symbols and Pictographs
â•¯;â•¯;9583;84;0,507;0,230;0,552;0,218;-0,011;NA;BOX DRAWINGS LIGHT ARC UP AND LEFT;Box Drawing
ğŸ†;ğŸ†;127814;84;0,719;0,080;0,437;0,483;0,402;NA;AUBERGINE;Miscellaneous Symbols and Pictographs
ğŸ°;ğŸ°;127856;84;0,783;0,161;0,230;0,609;0,448;NA;SHORTCAKE;Miscellaneous Symbols and Pictographs
âœ“;âœ“;10003;84;0,628;0,115;0,483;0,402;0,287;NA;CHECK MARK;Dingbats
ğŸ‘;ğŸ‘;128080;83;0,876;0,395;0,233;0,372;-0,023;NA;OPEN HANDS SIGN;Miscellaneous Symbols and Pictographs
ğŸ™‡;ğŸ™‡;128583;83;0,794;0,291;0,279;0,430;0,140;NA;PERSON BOWING DEEPLY;Emoticons
ğŸŸ;ğŸŸ;127839;83;0,650;0,174;0,349;0,477;0,302;NA;FRENCH FRIES;Miscellaneous Symbols and Pictographs
ğŸŒ;ğŸŒ;127820;82;0,541;0,129;0,306;0,565;0,435;NA;BANANA;Miscellaneous Symbols and Pictographs
ğŸ’‘;ğŸ’‘;128145;82;0,683;0,071;0,200;0,729;0,659;NA;COUPLE WITH HEART;Miscellaneous Symbols and Pictographs
ğŸ‘¬;ğŸ‘¬;128108;82;0,622;0,353;0,353;0,294;-0,059;NA;TWO MEN HOLDING HANDS;Miscellaneous Symbols and Pictographs
ğŸ£;ğŸ£;128035;81;0,776;0,155;0,214;0,631;0,476;NA;HATCHING CHICK;Miscellaneous Symbols and Pictographs
ğŸƒ;ğŸƒ;127875;81;0,724;0,083;0,238;0,679;0,595;NA;JACK-O-LANTERN;Miscellaneous Symbols and Pictographs
â–¬;â–¬;9644;81;0,335;0,012;0,512;0,476;0,464;NA;BLACK RECTANGLE;Geometric Shapes
ï¿¼;ï¿¼;65532;81;0,309;0,536;0,405;0,060;-0,476;NA;OBJECT REPLACEMENT CHARACTER;Specials
ğŸ˜Ÿ;ğŸ˜Ÿ;128543;80;0,824;0,349;0,229;0,422;0,072;NA;WORRIED FACE;Emoticons
ğŸ¾;ğŸ¾;128062;78;0,739;0,111;0,173;0,716;0,605;NA;PAW PRINTS;Miscellaneous Symbols and Pictographs
ğŸ“;ğŸ“;127891;77;0,647;0,100;0,238;0,663;0,563;NA;GRADUATION CAP;Miscellaneous Symbols and Pictographs
ğŸŠ;ğŸŠ;127946;77;0,653;0,038;0,350;0,613;0,575;NA;SWIMMER;Miscellaneous Symbols and Pictographs
ğŸ«;ğŸ«;127851;76;0,793;0,291;0,266;0,443;0,152;NA;CHOCOLATE BAR;Miscellaneous Symbols and Pictographs
ğŸ“·;ğŸ“·;128247;76;0,490;0,101;0,367;0,532;0,430;NA;CAMERA;Miscellaneous Symbols and Pictographs
ğŸ‘„;ğŸ‘„;128068;75;0,592;0,077;0,372;0,551;0,474;NA;MOUTH;Miscellaneous Symbols and Pictographs
ğŸŒ¼;ğŸŒ¼;127804;74;0,604;0,026;0,169;0,805;0,779;NA;BLOSSOM;Miscellaneous Symbols and Pictographs
ğŸš¶;ğŸš¶;128694;74;0,797;0,377;0,390;0,234;-0,143;NA;PEDESTRIAN;Transport and Map Symbols
ğŸ±;ğŸ±;128049;73;0,544;0,145;0,197;0,658;0,513;NA;CAT FACE;Miscellaneous Symbols and Pictographs
â•‘;â•‘;9553;73;0,568;0,013;0,829;0,158;0,145;NA;BOX DRAWINGS DOUBLE VERTICAL;Box Drawing
ğŸ¸;ğŸ¸;128056;72;0,846;0,333;0,413;0,253;-0,080;NA;FROG FACE;Miscellaneous Symbols and Pictographs
ğŸ‡º;ğŸ‡º;127482;71;0,683;0,122;0,216;0,662;0,541;NA;REGIONAL INDICATOR SYMBOL LETTER U;Enclosed Alphanumeric Supplement
ğŸ‘¿;ğŸ‘¿;128127;70;0,911;0,658;0,219;0,123;-0,534;NA;IMP;Miscellaneous Symbols and Pictographs
ğŸš¬;ğŸš¬;128684;70;0,805;0,123;0,233;0,644;0,521;NA;SMOKING SYMBOL;Transport and Map Symbols
âœ¿;âœ¿;10047;70;0,499;0,041;0,534;0,425;0,384;NA;BLACK FLORETTE;Dingbats
ğŸ“–;ğŸ“–;128214;68;0,710;0,268;0,296;0,437;0,169;NA;OPEN BOOK;Miscellaneous Symbols and Pictographs
ğŸ’;ğŸ’;128018;68;0,640;0,028;0,423;0,549;0,521;NA;MONKEY;Miscellaneous Symbols and Pictographs
ğŸŒ;ğŸŒ;127757;68;0,624;0,085;0,239;0,676;0,592;NA;EARTH GLOBE EUROPE-AFRICA;Miscellaneous Symbols and Pictographs
â”Š;â”Š;9482;68;0,682;0,014;0,014;0,972;0,958;NA;BOX DRAWINGS LIGHT QUADRUPLE DASH VERTICAL;Box Drawing
ğŸ¥;ğŸ¥;128037;67;0,780;0,071;0,271;0,657;0,586;NA;FRONT-FACING BABY CHICK;Miscellaneous Symbols and Pictographs
ğŸŒ€;ğŸŒ€;127744;66;0,553;0,159;0,580;0,261;0,101;NA;CYCLONE;Miscellaneous Symbols and Pictographs
ğŸ¼;ğŸ¼;128060;66;0,614;0,072;0,594;0,333;0,261;NA;PANDA FACE;Miscellaneous Symbols and Pictographs
ğŸ¥;ğŸ¥;127909;66;0,676;0,130;0,449;0,420;0,290;NA;MOVIE CAMERA;Miscellaneous Symbols and Pictographs
ğŸ’„;ğŸ’„;128132;66;0,637;0,101;0,362;0,536;0,435;NA;LIPSTICK;Miscellaneous Symbols and Pictographs
ğŸ’¸;ğŸ’¸;128184;66;0,790;0,246;0,348;0,406;0,159;NA;MONEY WITH WINGS;Miscellaneous Symbols and Pictographs
â›”;â›”;9940;65;0,406;0,088;0,338;0,574;0,485;NA;NO ENTRY;Miscellaneous Symbols
â—;â—;9679;65;0,561;0,132;0,559;0,309;0,176;NA;BLACK CIRCLE;Geometric Shapes
ğŸ€;ğŸ€;127936;64;0,807;0,209;0,328;0,463;0,254;NA;BASKETBALL AND HOOP;Miscellaneous Symbols and Pictographs
ğŸ’‰;ğŸ’‰;128137;64;0,750;0,179;0,284;0,537;0,358;NA;SYRINGE;Miscellaneous Symbols and Pictographs
ğŸ’Ÿ;ğŸ’Ÿ;128159;63;0,788;0,061;0,197;0,742;0,682;NA;HEART DECORATION;Miscellaneous Symbols and Pictographs
ğŸš—;ğŸš—;128663;62;0,638;0,138;0,492;0,369;0,231;NA;AUTOMOBILE;Transport and Map Symbols
ğŸ˜¯;ğŸ˜¯;128559;62;0,859;0,262;0,354;0,385;0,123;NA;HUSHED FACE;Emoticons
ğŸ“;ğŸ“;128221;62;0,795;0,138;0,492;0,369;0,231;NA;MEMO;Miscellaneous Symbols and Pictographs
â•;â•;9552;62;0,441;0,015;0,954;0,031;0,015;NA;BOX DRAWINGS DOUBLE HORIZONTAL;Box Drawing
â™¦;â™¦;9830;61;0,562;0,109;0,328;0,563;0,453;NA;BLACK DIAMOND SUIT;Miscellaneous Symbols
ğŸ’­;ğŸ’­;128173;60;0,688;0,175;0,444;0,381;0,206;NA;THOUGHT BALLOON;Miscellaneous Symbols and Pictographs
ğŸŒ™;ğŸŒ™;127769;58;0,669;0,066;0,279;0,656;0,590;NA;CRESCENT MOON;Miscellaneous Symbols and Pictographs
ğŸŸ;ğŸŸ;128031;58;0,677;0,049;0,213;0,738;0,689;NA;FISH;Miscellaneous Symbols and Pictographs
ğŸ‘£;ğŸ‘£;128099;58;0,639;0,115;0,426;0,459;0,344;NA;FOOTPRINTS;Miscellaneous Symbols and Pictographs
â˜;â˜;9758;58;0,725;0,016;0,852;0,131;0,115;NA;WHITE RIGHT POINTING INDEX;Miscellaneous Symbols
âœ‚;âœ‚;9986;58;0,810;0,574;0,311;0,115;-0,459;NA;BLACK SCISSORS;Dingbats
ğŸ—¿;ğŸ—¿;128511;58;0,942;0,098;0,361;0,541;0,443;NA;MOYAI;Miscellaneous Symbols and Pictographs
ğŸ;ğŸ;127837;57;0,564;0,283;0,317;0,400;0,117;NA;SPAGHETTI;Miscellaneous Symbols and Pictographs
ğŸ‘ª;ğŸ‘ª;128106;57;0,653;0,417;0,183;0,400;-0,017;NA;FAMILY;Miscellaneous Symbols and Pictographs
ğŸ­;ğŸ­;127853;57;0,633;0,167;0,367;0,467;0,300;NA;LOLLIPOP;Miscellaneous Symbols and Pictographs
ğŸŒƒ;ğŸŒƒ;127747;56;0,748;0,068;0,475;0,458;0,390;NA;NIGHT WITH STARS;Miscellaneous Symbols and Pictographs
âŒ;âŒ;10060;56;0,613;0,254;0,220;0,525;0,271;NA;CROSS MARK;Dingbats
ğŸ°;ğŸ°;128048;55;0,708;0,086;0,241;0,672;0,586;NA;RABBIT FACE;Miscellaneous Symbols and Pictographs
ğŸ’Š;ğŸ’Š;128138;55;0,675;0,155;0,259;0,586;0,431;NA;PILL;Miscellaneous Symbols and Pictographs
ğŸš¨;ğŸš¨;128680;55;0,521;0,121;0,121;0,759;0,638;NA;POLICE CARS REVOLVING LIGHT;Transport and Map Symbols
ğŸ˜¦;ğŸ˜¦;128550;54;0,882;0,544;0,281;0,175;-0,368;NA;FROWNING FACE WITH OPEN MOUTH;Emoticons
ğŸª;ğŸª;127850;54;0,737;0,193;0,298;0,509;0,316;NA;COOKIE;Miscellaneous Symbols and Pictographs
ğŸ£;ğŸ£;127843;53;0,670;0,446;0,339;0,214;-0,232;NA;SUSHI;Miscellaneous Symbols and Pictographs
â•­;â•­;9581;53;0,490;0,071;0,696;0,232;0,161;NA;BOX DRAWINGS LIGHT ARC DOWN AND RIGHT;Box Drawing
âœ§;âœ§;10023;53;0,399;0,036;0,607;0,357;0,321;NA;WHITE FOUR POINTED STAR;Dingbats
ğŸ†;ğŸ†;127878;52;0,799;0,055;0,182;0,764;0,709;NA;FIREWORKS;Miscellaneous Symbols and Pictographs
â•®;â•®;9582;52;0,423;0,109;0,655;0,236;0,127;NA;BOX DRAWINGS LIGHT ARC DOWN AND LEFT;Box Drawing
ğŸ;ğŸ;127886;51;0,417;0,019;0,056;0,926;0,907;NA;JAPANESE DOLLS;Miscellaneous Symbols and Pictographs
ğŸ‡©;ğŸ‡©;127465;51;0,745;0,037;0,315;0,648;0,611;NA;REGIONAL INDICATOR SYMBOL LETTER D;Enclosed Alphanumeric Supplement
âœ…;âœ…;9989;51;0,673;0,074;0,444;0,481;0,407;NA;WHITE HEAVY CHECK MARK;Dingbats
ğŸ‘¹;ğŸ‘¹;128121;49;0,701;0,269;0,404;0,327;0,058;NA;JAPANESE OGRE;Miscellaneous Symbols and Pictographs
ğŸ“±;ğŸ“±;128241;49;0,720;0,096;0,500;0,404;0,308;NA;MOBILE PHONE;Miscellaneous Symbols and Pictographs
ğŸ™;ğŸ™;128589;49;0,845;0,577;0,173;0,250;-0,327;NA;PERSON FROWNING;Emoticons
ğŸ‘;ğŸ‘;127825;49;0,739;0,250;0,250;0,500;0,250;NA;PEACH;Miscellaneous Symbols and Pictographs
ğŸ¼;ğŸ¼;127932;49;0,636;0,058;0,558;0,385;0,327;NA;MUSICAL SCORE;Miscellaneous Symbols and Pictographs
ğŸ”Š;ğŸ”Š;128266;49;0,652;0,096;0,404;0,500;0,404;NA;SPEAKER WITH THREE SOUND WAVES;Miscellaneous Symbols and Pictographs
ğŸŒŒ;ğŸŒŒ;127756;47;0,751;0,120;0,240;0,640;0,520;NA;MILKY WAY;Miscellaneous Symbols and Pictographs
ğŸ;ğŸ;127822;47;0,751;0,140;0,400;0,460;0,320;NA;RED APPLE;Miscellaneous Symbols and Pictographs
ğŸ»;ğŸ»;128059;47;0,692;0,140;0,280;0,580;0,440;NA;BEAR FACE;Miscellaneous Symbols and Pictographs
â”€;â”€;9472;47;0,711;0,020;0,820;0,160;0,140;NA;BOX DRAWINGS LIGHT HORIZONTAL;Box Drawing
â•°;â•°;9584;47;0,510;0,160;0,740;0,100;-0,060;NA;BOX DRAWINGS LIGHT ARC UP AND RIGHT;Box Drawing
ğŸ’‡;ğŸ’‡;128135;46;0,678;0,163;0,347;0,490;0,327;NA;HAIRCUT;Miscellaneous Symbols and Pictographs
â™¬;â™¬;9836;46;0,677;0,102;0,551;0,347;0,245;NA;BEAMED SIXTEENTH NOTES;Miscellaneous Symbols
â™š;â™š;9818;46;0,389;0,020;0,918;0,061;0,041;NA;BLACK CHESS KING;Miscellaneous Symbols
ğŸ”´;ğŸ”´;128308;45;0,656;0,042;0,521;0,438;0,396;NA;LARGE RED CIRCLE;Miscellaneous Symbols and Pictographs
ğŸ±;ğŸ±;127857;45;0,580;0,542;0,229;0,229;-0,313;NA;BENTO BOX;Miscellaneous Symbols and Pictographs
ğŸŠ;ğŸŠ;127818;45;0,697;0,146;0,292;0,563;0,417;NA;TANGERINE;Miscellaneous Symbols and Pictographs
ğŸ’;ğŸ’;127826;45;0,619;0,146;0,396;0,458;0,313;NA;CHERRIES;Miscellaneous Symbols and Pictographs
ğŸ­;ğŸ­;128045;45;0,823;0,021;0,271;0,708;0,688;NA;MOUSE FACE;Miscellaneous Symbols and Pictographs
ğŸ‘Ÿ;ğŸ‘Ÿ;128095;45;0,562;0,125;0,333;0,542;0,417;NA;ATHLETIC SHOE;Miscellaneous Symbols and Pictographs
ğŸŒ;ğŸŒ;127758;44;0,743;0,128;0,426;0,447;0,319;NA;EARTH GLOBE AMERICAS;Miscellaneous Symbols and Pictographs
ğŸ;ğŸ;127821;44;0,583;0,170;0,191;0,638;0,468;NA;PINEAPPLE;Miscellaneous Symbols and Pictographs
ğŸ®;ğŸ®;128046;43;0,847;0,065;0,283;0,652;0,587;NA;COW FACE;Miscellaneous Symbols and Pictographs
ğŸ“²;ğŸ“²;128242;43;0,598;0,174;0,413;0,413;0,239;NA;MOBILE PHONE WITH RIGHTWARDS ARROW AT LEFT;Miscellaneous Symbols and Pictographs
â˜¼;â˜¼;9788;43;0,461;0,065;0,674;0,261;0,196;NA;WHITE SUN WITH RAYS;Miscellaneous Symbols
ğŸŒ…;ğŸŒ…;127749;42;0,604;0,156;0,333;0,511;0,356;NA;SUNRISE;Miscellaneous Symbols and Pictographs
ğŸ‡·;ğŸ‡·;127479;42;0,716;0,044;0,244;0,711;0,667;NA;REGIONAL INDICATOR SYMBOL LETTER R;Enclosed Alphanumeric Supplement
ğŸ‘ ;ğŸ‘ ;128096;42;0,637;0,156;0,333;0,511;0,356;NA;HIGH-HEELED SHOE;Miscellaneous Symbols and Pictographs
ğŸŒ½;ğŸŒ½;127805;42;0,649;0,133;0,289;0,578;0,444;NA;EAR OF MAIZE;Miscellaneous Symbols and Pictographs
ğŸ’§;ğŸ’§;128167;41;0,768;0,477;0,205;0,318;-0,159;NA;DROPLET;Miscellaneous Symbols and Pictographs
â“;â“;10067;41;0,615;0,182;0,568;0,250;0,068;NA;BLACK QUESTION MARK ORNAMENT;Dingbats
ğŸ¬;ğŸ¬;127852;41;0,784;0,205;0,227;0,568;0,364;NA;CANDY;Miscellaneous Symbols and Pictographs
ğŸ˜º;ğŸ˜º;128570;40;0,826;0,209;0,186;0,605;0,395;NA;SMILING CAT FACE WITH OPEN MOUTH;Emoticons
ğŸ´;ğŸ´;128052;40;0,796;0,209;0,512;0,279;0,070;NA;HORSE FACE;Miscellaneous Symbols and Pictographs
ğŸš€;ğŸš€;128640;40;0,698;0,070;0,372;0,558;0,488;NA;ROCKET;Transport and Map Symbols
Â¦;Â¦;166;40;0,402;0,186;0,047;0,767;0,581;NA;BROKEN BAR;Latin-1 Supplement
ğŸ’¢;ğŸ’¢;128162;40;0,561;0,163;0,442;0,395;0,233;NA;ANGER SYMBOL;Miscellaneous Symbols and Pictographs
ğŸ¬;ğŸ¬;127916;40;0,650;0,070;0,581;0,349;0,279;NA;CLAPPER BOARD;Miscellaneous Symbols and Pictographs
ğŸ§;ğŸ§;127847;40;0,675;0,233;0,233;0,535;0,302;NA;SHAVED ICE;Miscellaneous Symbols and Pictographs
ğŸœ;ğŸœ;127836;40;0,578;0,233;0,140;0,628;0,395;NA;STEAMING BOWL;Miscellaneous Symbols and Pictographs
ğŸ;ğŸ;128015;40;0,976;0,070;0,302;0,628;0,558;NA;RAM;Miscellaneous Symbols and Pictographs
ğŸ˜;ğŸ˜;128024;40;0,722;0,233;0,512;0,256;0,023;NA;ELEPHANT;Miscellaneous Symbols and Pictographs
ğŸ‘§;ğŸ‘§;128103;40;0,649;0,256;0,349;0,395;0,140;NA;GIRL;Miscellaneous Symbols and Pictographs
â €;â €;10240;40;0,378;0,163;0,628;0,209;0,047;NA;BRAILLE PATTERN BLANK;Braille Patterns
ğŸ„;ğŸ„;127940;39;0,773;0,071;0,333;0,595;0,524;NA;SURFER;Miscellaneous Symbols and Pictographs
â¤;â¤;10148;39;0,382;0,024;0,643;0,333;0,310;NA;BLACK RIGHTWARDS ARROWHEAD;Dingbats
â¬†;â¬†;11014;39;0,606;0,048;0,619;0,333;0,286;NA;UPWARDS BLACK ARROW;Miscellaneous Symbols and Arrows
ğŸ‹;ğŸ‹;127819;38;0,743;0,171;0,415;0,415;0,244;NA;LEMON;Miscellaneous Symbols and Pictographs
ğŸ†—;ğŸ†—;127383;38;0,852;0,171;0,122;0,707;0,537;NA;SQUARED OK;Enclosed Alphanumeric Supplement
âšª;âšª;9898;37;0,565;0,025;0,500;0,475;0,450;NA;MEDIUM WHITE CIRCLE;Miscellaneous Symbols
ğŸ“º;ğŸ“º;128250;37;0,614;0,100;0,425;0,475;0,375;NA;TELEVISION;Miscellaneous Symbols and Pictographs
ğŸ…;ğŸ…;127813;37;0,838;0,250;0,150;0,600;0,350;NA;TOMATO;Miscellaneous Symbols and Pictographs
â›…;â›…;9925;37;0,616;0,125;0,300;0,575;0,450;NA;SUN BEHIND CLOUD;Miscellaneous Symbols
ğŸ¢;ğŸ¢;128034;37;0,622;0,175;0,450;0,375;0,200;NA;TURTLE;Miscellaneous Symbols and Pictographs
ğŸ‘™;ğŸ‘™;128089;37;0,697;0,100;0,300;0,600;0,500;NA;BIKINI;Miscellaneous Symbols and Pictographs
ğŸ¡;ğŸ¡;127969;36;0,744;0,154;0,256;0,590;0,436;NA;HOUSE WITH GARDEN;Miscellaneous Symbols and Pictographs
ğŸŒ¾;ğŸŒ¾;127806;36;0,558;0,154;0,154;0,692;0,538;NA;EAR OF RICE;Miscellaneous Symbols and Pictographs
â—‰;â—‰;9673;36;0,047;0,026;0,692;0,282;0,256;NA;FISHEYE;Geometric Shapes
âœ;âœ;9999;35;0,625;0,105;0,447;0,447;0,342;NA;PENCIL;Dingbats
ğŸ¬;ğŸ¬;128044;35;0,747;0,079;0,421;0,500;0,421;NA;DOLPHIN;Miscellaneous Symbols and Pictographs
ğŸ¤;ğŸ¤;127844;35;0,513;0,184;0,579;0,237;0,053;NA;FRIED SHRIMP;Miscellaneous Symbols and Pictographs
ğŸ‡¹;ğŸ‡¹;127481;35;0,584;0,026;0,368;0,605;0,579;NA;REGIONAL INDICATOR SYMBOL LETTER T;Enclosed Alphanumeric Supplement
â™£;â™£;9827;35;0,666;0,132;0,395;0,474;0,342;NA;BLACK CLUB SUIT;Miscellaneous Symbols
ğŸ;ğŸ;128029;35;0,735;0,158;0,474;0,368;0,211;NA;HONEYBEE;Miscellaneous Symbols and Pictographs
ğŸŒ;ğŸŒ;127773;34;0,718;0,162;0,486;0,351;0,189;NA;FULL MOON WITH FACE;Miscellaneous Symbols and Pictographs
ğŸ‡®;ğŸ‡®;127470;34;0,576;0,027;0,351;0,622;0,595;NA;REGIONAL INDICATOR SYMBOL LETTER I;Enclosed Alphanumeric Supplement
ğŸ”‹;ğŸ”‹;128267;34;0,583;0,622;0,243;0,135;-0,486;NA;BATTERY;Miscellaneous Symbols and Pictographs
ğŸ;ğŸ;128013;34;0,623;0,108;0,432;0,459;0,351;NA;SNAKE;Miscellaneous Symbols and Pictographs
â™”;â™”;9812;34;0,589;0,027;0,405;0,568;0,541;NA;WHITE CHESS KING;Miscellaneous Symbols
ğŸ³;ğŸ³;127859;33;0,798;0,389;0,194;0,417;0,028;NA;COOKING;Miscellaneous Symbols and Pictographs
ğŸ”µ;ğŸ”µ;128309;33;0,681;0,139;0,417;0,444;0,306;NA;LARGE BLUE CIRCLE;Miscellaneous Symbols and Pictographs
ğŸ˜¾;ğŸ˜¾;128574;33;0,915;0,583;0,167;0,250;-0,333;NA;POUTING CAT FACE;Emoticons
ğŸŒ•;ğŸŒ•;127765;33;0,642;0,111;0,222;0,667;0,556;NA;FULL MOON SYMBOL;Miscellaneous Symbols and Pictographs
ğŸ¨;ğŸ¨;128040;33;0,696;0,139;0,278;0,583;0,444;NA;KOALA;Miscellaneous Symbols and Pictographs
ğŸ”;ğŸ”;128272;33;0,845;0,194;0,278;0,528;0,333;NA;CLOSED LOCK WITH KEY;Miscellaneous Symbols and Pictographs
ğŸ’¿;ğŸ’¿;128191;33;0,444;0,028;0,333;0,639;0,611;NA;OPTICAL DISC;Miscellaneous Symbols and Pictographs
â;â;10049;33;0,493;0,028;0,889;0,083;0,056;NA;EIGHT PETALLED OUTLINED BLACK FLORETTE;Dingbats
ğŸŒ³;ğŸŒ³;127795;32;0,536;0,086;0,343;0,571;0,486;NA;DECIDUOUS TREE;Miscellaneous Symbols and Pictographs
ğŸ‘°;ğŸ‘°;128112;32;0,787;0,114;0,286;0,600;0,486;NA;BRIDE WITH VEIL;Miscellaneous Symbols and Pictographs
â€;â€;10048;32;0,444;0,029;0,543;0,429;0,400;NA;WHITE FLORETTE;Dingbats
âš“;âš“;9875;32;0,593;0,086;0,257;0,657;0,571;NA;ANCHOR;Miscellaneous Symbols
ğŸš´;ğŸš´;128692;32;0,573;0,029;0,286;0,686;0,657;NA;BICYCLIST;Transport and Map Symbols
â–€;â–€;9600;32;0,250;0,314;0,514;0,171;-0,143;NA;UPPER HALF BLOCK;Block Elements
ğŸ‘—;ğŸ‘—;128087;31;0,703;0,176;0,412;0,412;0,235;NA;DRESS;Miscellaneous Symbols and Pictographs
â•;â•;10133;31;0,034;0,147;0,176;0,676;0,529;NA;HEAVY PLUS SIGN;Dingbats
ğŸ’¬;ğŸ’¬;128172;30;0,635;0,152;0,333;0,515;0,364;NA;SPEECH BALLOON;Miscellaneous Symbols and Pictographs
â–’;â–’;9618;30;0,501;0,091;0,848;0,061;-0,030;NA;MEDIUM SHADE;Block Elements
ğŸ”œ;ğŸ”œ;128284;30;0,606;0,182;0,364;0,455;0,273;NA;SOON WITH RIGHTWARDS ARROW ABOVE;Miscellaneous Symbols and Pictographs
ğŸ¨;ğŸ¨;127848;30;0,657;0,273;0,242;0,485;0,212;NA;ICE CREAM;Miscellaneous Symbols and Pictographs
ğŸ’²;ğŸ’²;128178;30;0,794;0,030;0,697;0,273;0,242;NA;HEAVY DOLLAR SIGN;Miscellaneous Symbols and Pictographs
â›½;â›½;9981;30;0,287;0,061;0,727;0,212;0,152;NA;FUEL PUMP;Miscellaneous Symbols
ğŸ™;ğŸ™;127833;29;0,566;0,188;0,344;0,469;0,281;NA;RICE BALL;Miscellaneous Symbols and Pictographs
ğŸ—;ğŸ—;127831;29;0,675;0,313;0,313;0,375;0,063;NA;POULTRY LEG;Miscellaneous Symbols and Pictographs
ğŸ²;ğŸ²;127858;29;0,673;0,250;0,375;0,375;0,125;NA;POT OF FOOD;Miscellaneous Symbols and Pictographs
ğŸ¥;ğŸ¥;127845;29;0,580;0,719;0,156;0,125;-0,594;NA;FISH CAKE WITH SWIRL DESIGN;Miscellaneous Symbols and Pictographs
â–¸;â–¸;9656;29;0,517;0,031;0,719;0,250;0,219;NA;BLACK RIGHT-POINTING SMALL TRIANGLE;Geometric Shapes
â™›;â™›;9819;29;0,490;0,156;0,500;0,344;0,188;NA;BLACK CHESS QUEEN;Miscellaneous Symbols
ğŸ˜¼;ğŸ˜¼;128572;28;0,856;0,194;0,258;0,548;0,355;NA;CAT FACE WITH WRY SMILE;Emoticons
ğŸ™;ğŸ™;128025;28;0,678;0,097;0,419;0,484;0,387;NA;OCTOPUS;Miscellaneous Symbols and Pictographs
ğŸ‘¨;ğŸ‘¨;128104;28;0,694;0,097;0,290;0,613;0,516;NA;MAN;Miscellaneous Symbols and Pictographs
ğŸš;ğŸš;127834;28;0,637;0,226;0,097;0,677;0,452;NA;COOKED RICE;Miscellaneous Symbols and Pictographs
ğŸ–;ğŸ–;127830;28;0,679;0,258;0,355;0,387;0,129;NA;MEAT ON BONE;Miscellaneous Symbols and Pictographs
â™¨;â™¨;9832;28;0,665;0,032;0,065;0,903;0,871;NA;HOT SPRINGS;Miscellaneous Symbols
ğŸ¹;ğŸ¹;127929;28;0,466;0,032;0,581;0,387;0,355;NA;MUSICAL KEYBOARD;Miscellaneous Symbols and Pictographs
â™•;â™•;9813;28;0,621;0,032;0,548;0,419;0,387;NA;WHITE CHESS QUEEN;Miscellaneous Symbols
â–ƒ;â–ƒ;9603;28;0,373;0,032;0,032;0,935;0,903;NA;LOWER THREE EIGHTHS BLOCK;Block Elements
ğŸš˜;ğŸš˜;128664;27;0,650;0,300;0,333;0,367;0,067;NA;ONCOMING AUTOMOBILE;Transport and Map Symbols
ğŸ;ğŸ;127823;27;0,852;0,267;0,400;0,333;0,067;NA;GREEN APPLE;Miscellaneous Symbols and Pictographs
ğŸ‘©;ğŸ‘©;128105;27;0,732;0,333;0,267;0,400;0,067;NA;WOMAN;Miscellaneous Symbols and Pictographs
ğŸ‘¦;ğŸ‘¦;128102;27;0,606;0,200;0,467;0,333;0,133;NA;BOY;Miscellaneous Symbols and Pictographs
ğŸ‡¬;ğŸ‡¬;127468;27;0,582;0,100;0,533;0,367;0,267;NA;REGIONAL INDICATOR SYMBOL LETTER G;Enclosed Alphanumeric Supplement
ğŸ‡§;ğŸ‡§;127463;27;0,595;0,100;0,533;0,367;0,267;NA;REGIONAL INDICATOR SYMBOL LETTER B;Enclosed Alphanumeric Supplement
â˜ ;â˜ ;9760;27;0,749;0,267;0,500;0,233;-0,033;NA;SKULL AND CROSSBONES;Miscellaneous Symbols
ğŸ ;ğŸ ;128032;26;0,768;0,172;0,241;0,586;0,414;NA;TROPICAL FISH;Miscellaneous Symbols and Pictographs
ğŸš¹;ğŸš¹;128697;26;0,812;0,069;0,172;0,759;0,690;NA;MENS SYMBOL;Transport and Map Symbols
ğŸ’µ;ğŸ’µ;128181;26;0,807;0,138;0,345;0,517;0,379;NA;BANKNOTE WITH DOLLAR SIGN;Miscellaneous Symbols and Pictographs
âœ°;âœ°;10032;26;0,195;0,034;0,138;0,828;0,793;NA;SHADOWED WHITE STAR;Dingbats
â• ;â• ;9568;26;0,543;0,034;0,724;0,241;0,207;NA;BOX DRAWINGS DOUBLE VERTICAL AND RIGHT;Box Drawing
ğŸ‘›;ğŸ‘›;128091;25;0,696;0,179;0,286;0,536;0,357;NA;PURSE;Miscellaneous Symbols and Pictographs
ğŸš™;ğŸš™;128665;25;0,653;0,214;0,536;0,250;0,036;NA;RECREATIONAL VEHICLE;Transport and Map Symbols
ğŸŒ±;ğŸŒ±;127793;25;0,561;0,036;0,357;0,607;0,571;NA;SEEDLING;Miscellaneous Symbols and Pictographs
ğŸ’»;ğŸ’»;128187;25;0,489;0,071;0,607;0,321;0,250;NA;PERSONAL COMPUTER;Miscellaneous Symbols and Pictographs
ğŸŒ;ğŸŒ;127759;25;0,681;0,143;0,393;0,464;0,321;NA;EARTH GLOBE ASIA-AUSTRALIA;Miscellaneous Symbols and Pictographs
â–„;â–„;9604;25;0,464;0,321;0,429;0,250;-0,071;NA;LOWER HALF BLOCK;Block Elements
ğŸ‘“;ğŸ‘“;128083;24;0,514;0,037;0,630;0,333;0,296;NA;EYEGLASSES;Miscellaneous Symbols and Pictographs
â—„;â—„;9668;24;0,672;0,037;0,704;0,259;0,222;NA;BLACK LEFT-POINTING POINTER;Geometric Shapes
âš¾;âš¾;9918;24;0,214;0,370;0,296;0,333;-0,037;NA;BASEBALL;Miscellaneous Symbols
ğŸŒ²;ğŸŒ²;127794;23;0,496;0,115;0,385;0,500;0,385;NA;EVERGREEN TREE;Miscellaneous Symbols and Pictographs
ğŸ‘´;ğŸ‘´;128116;23;0,784;0,231;0,308;0,462;0,231;NA;OLDER MAN;Miscellaneous Symbols and Pictographs
ğŸ ;ğŸ ;127968;23;0,642;0,077;0,346;0,577;0,500;NA;HOUSE BUILDING;Miscellaneous Symbols and Pictographs
ğŸ‡;ğŸ‡;127815;23;0,584;0,231;0,269;0,500;0,269;NA;GRAPES;Miscellaneous Symbols and Pictographs
ğŸ˜;ğŸ˜;127832;23;0,621;0,231;0,154;0,615;0,385;NA;RICE CRACKER;Miscellaneous Symbols and Pictographs
ğŸ›;ğŸ›;127835;23;0,585;0,346;0,269;0,385;0,038;NA;CURRY AND RICE;Miscellaneous Symbols and Pictographs
ğŸ‡;ğŸ‡;128007;23;0,967;0,192;0,385;0,423;0,231;NA;RABBIT;Miscellaneous Symbols and Pictographs
ğŸ”;ğŸ”;128286;23;0,814;0,269;0,500;0,231;-0,038;NA;NO ONE UNDER EIGHTEEN SYMBOL;Miscellaneous Symbols and Pictographs
ğŸ‘µ;ğŸ‘µ;128117;23;0,818;0,231;0,115;0,654;0,423;NA;OLDER WOMAN;Miscellaneous Symbols and Pictographs
â—€;â—€;9664;23;0,221;0,038;0,654;0,308;0,269;NA;BLACK LEFT-POINTING TRIANGLE;Geometric Shapes
ğŸ”™;ğŸ”™;128281;23;0,144;0,115;0,577;0,308;0,192;NA;BACK WITH LEFTWARDS ARROW ABOVE;Miscellaneous Symbols and Pictographs
ğŸŒµ;ğŸŒµ;127797;23;0,670;0,269;0,269;0,462;0,192;NA;CACTUS;Miscellaneous Symbols and Pictographs
ğŸ½;ğŸ½;128061;22;0,648;0,240;0,400;0,360;0,120;NA;PIG NOSE;Miscellaneous Symbols and Pictographs
ğŸ®;ğŸ®;127854;22;0,701;0,440;0,240;0,320;-0,120;NA;CUSTARD;Miscellaneous Symbols and Pictographs
ğŸ‡;ğŸ‡;127879;22;0,821;0,080;0,160;0,760;0,680;NA;FIREWORK SPARKLER;Miscellaneous Symbols and Pictographs
ğŸ;ğŸ;128014;22;0,698;0,120;0,360;0,520;0,400;NA;HORSE;Miscellaneous Symbols and Pictographs
â”;â”;10132;22;0,541;0,160;0,800;0,040;-0,120;NA;HEAVY WIDE-HEADED RIGHTWARDS ARROW;Dingbats
ğŸ’¶;ğŸ’¶;128182;22;0,748;0,160;0,680;0,160;0,000;NA;BANKNOTE WITH EURO SIGN;Miscellaneous Symbols and Pictographs
ğŸ¤;ğŸ¤;128036;22;0,838;0,080;0,320;0,600;0,520;NA;BABY CHICK;Miscellaneous Symbols and Pictographs
â•©;â•©;9577;22;0,811;0,040;0,720;0,240;0,200;NA;BOX DRAWINGS DOUBLE UP AND HORIZONTAL;Box Drawing
ğŸ›€;ğŸ›€;128704;21;0,904;0,292;0,292;0,417;0,125;NA;BATH;Transport and Map Symbols
ğŸŒ‘;ğŸŒ‘;127761;21;0,604;0,125;0,292;0,583;0,458;NA;NEW MOON SYMBOL;Miscellaneous Symbols and Pictographs
ğŸš²;ğŸš²;128690;21;0,583;0,083;0,458;0,458;0,375;NA;BICYCLE;Transport and Map Symbols
ğŸ‘;ğŸ‘;128017;21;0,922;0,292;0,583;0,125;-0,167;NA;SHEEP;Miscellaneous Symbols and Pictographs
ğŸ;ğŸ;127937;21;0,618;0,042;0,417;0,542;0,500;NA;CHEQUERED FLAG;Miscellaneous Symbols and Pictographs
ğŸ;ğŸ;127838;21;0,711;0,292;0,375;0,333;0,042;NA;BREAD;Miscellaneous Symbols and Pictographs
ğŸ¾;ğŸ¾;127934;21;0,820;0,125;0,208;0,667;0,542;NA;TENNIS RACQUET AND BALL;Miscellaneous Symbols and Pictographs
â•š;â•š;9562;21;0,714;0,042;0,625;0,333;0,292;NA;BOX DRAWINGS DOUBLE UP AND RIGHT;Box Drawing
ğŸˆ¹;ğŸˆ¹;127545;21;0,350;0,083;0,542;0,375;0,292;NA;SQUARED CJK UNIFIED IDEOGRAPH-5272;Enclosed Ideographic Supplement
ğŸ³;ğŸ³;128051;20;0,656;0,217;0,435;0,348;0,130;NA;SPOUTING WHALE;Miscellaneous Symbols and Pictographs
ğŸ‘®;ğŸ‘®;128110;20;0,742;0,478;0,391;0,130;-0,348;NA;POLICE OFFICER;Miscellaneous Symbols and Pictographs
â˜¹;â˜¹;9785;20;0,777;0,652;0,217;0,130;-0,522;NA;WHITE FROWNING FACE;Miscellaneous Symbols
ğŸµ;ğŸµ;128053;20;0,631;0,087;0,348;0,565;0,478;NA;MONKEY FACE;Miscellaneous Symbols and Pictographs
âœª;âœª;10026;20;0,288;0,043;0,609;0,348;0,304;NA;CIRCLED WHITE STAR;Dingbats
â—•;â—•;9685;20;0,594;0,043;0,478;0,478;0,435;NA;CIRCLE WITH ALL BUT UPPER LEFT QUADRANT BLACK;Geometric Shapes
ğŸ—¼;ğŸ—¼;128508;20;0,654;0,087;0,304;0,609;0,522;NA;TOKYO TOWER;Miscellaneous Symbols and Pictographs
â–;â–;9616;20;0,304;0,217;0,696;0,087;-0,130;NA;RIGHT HALF BLOCK;Block Elements
â™ ;â™ ;9824;20;0,533;0,043;0,609;0,348;0,304;NA;BLACK SPADE SUIT;Miscellaneous Symbols
â”³;â”³;9523;20;0,399;0,478;0,391;0,130;-0,348;NA;BOX DRAWINGS HEAVY DOWN AND HORIZONTAL;Box Drawing
ğŸ‘º;ğŸ‘º;128122;19;0,825;0,409;0,364;0,227;-0,182;NA;JAPANESE GOBLIN;Miscellaneous Symbols and Pictographs
ğŸš;ğŸš;128026;19;0,526;0,091;0,591;0,318;0,227;NA;SPIRAL SHELL;Miscellaneous Symbols and Pictographs
ğŸ‘‚;ğŸ‘‚;128066;19;0,682;0,364;0,409;0,227;-0,136;NA;EAR;Miscellaneous Symbols and Pictographs
ğŸ—½;ğŸ—½;128509;19;0,651;0,091;0,500;0,409;0,318;NA;STATUE OF LIBERTY;Miscellaneous Symbols and Pictographs
ğŸµ;ğŸµ;127861;19;0,650;0,182;0,273;0,545;0,364;NA;TEACUP WITHOUT HANDLE;Miscellaneous Symbols and Pictographs
ğŸ†’;ğŸ†’;127378;19;0,628;0,045;0,545;0,409;0,364;NA;SQUARED COOL;Enclosed Alphanumeric Supplement
ğŸ¯;ğŸ¯;127855;19;0,780;0,364;0,227;0,409;0,045;NA;HONEY POT;Miscellaneous Symbols and Pictographs
ğŸº;ğŸº;128058;19;0,735;0,136;0,500;0,364;0,227;NA;WOLF FACE;Miscellaneous Symbols and Pictographs
â‡¨;â‡¨;8680;19;0,541;0,045;0,455;0,500;0,455;NA;RIGHTWARDS WHITE ARROW;Arrows
â¨;â¨;10152;19;0,558;0,136;0,591;0,273;0,136;NA;HEAVY CONCAVE-POINTED BLACK RIGHTWARDS ARROW;Dingbats
ğŸŒ“;ğŸŒ“;127763;19;0,458;0,045;0,318;0,636;0,591;NA;FIRST QUARTER MOON SYMBOL;Miscellaneous Symbols and Pictographs
ğŸ”’;ğŸ”’;128274;19;0,939;0,273;0,273;0,455;0,182;NA;LOCK;Miscellaneous Symbols and Pictographs
â•¬;â•¬;9580;19;0,322;0,318;0,500;0,182;-0,136;NA;BOX DRAWINGS DOUBLE VERTICAL AND HORIZONTAL;Box Drawing
ğŸ‘³;ğŸ‘³;128115;18;0,816;0,143;0,095;0,762;0,619;NA;MAN WITH TURBAN;Miscellaneous Symbols and Pictographs
ğŸŒ‚;ğŸŒ‚;127746;18;0,785;0,143;0,476;0,381;0,238;NA;CLOSED UMBRELLA;Miscellaneous Symbols and Pictographs
ğŸšŒ;ğŸšŒ;128652;18;0,636;0,143;0,524;0,333;0,190;NA;BUS;Transport and Map Symbols
â™©;â™©;9833;18;0,792;0,048;0,381;0,571;0,524;NA;QUARTER NOTE;Miscellaneous Symbols
ğŸ¡;ğŸ¡;127841;18;0,700;0,286;0,476;0,238;-0,048;NA;DANGO;Miscellaneous Symbols and Pictographs
â¥;â¥;10085;18;0,440;0,048;0,667;0,286;0,238;NA;ROTATED HEAVY BLACK HEART BULLET;Dingbats
ğŸ¡;ğŸ¡;127905;18;0,506;0,095;0,524;0,381;0,286;NA;FERRIS WHEEL;Miscellaneous Symbols and Pictographs
ğŸ’Œ;ğŸ’Œ;128140;17;0,805;0,150;0,200;0,650;0,500;NA;LOVE LETTER;Miscellaneous Symbols and Pictographs
ğŸ©;ğŸ©;128041;17;0,870;0,050;0,550;0,400;0,350;NA;POODLE;Miscellaneous Symbols and Pictographs
ğŸŒœ;ğŸŒœ;127772;17;0,604;0,050;0,400;0,550;0,500;NA;LAST QUARTER MOON WITH FACE;Miscellaneous Symbols and Pictographs
âŒš;âŒš;8986;17;0,649;0,150;0,500;0,350;0,200;NA;WATCH;Miscellaneous Technical
ğŸš¿;ğŸš¿;128703;17;0,669;0,100;0,200;0,700;0,600;NA;SHOWER;Transport and Map Symbols
ğŸ–;ğŸ–;128022;17;0,814;0,050;0,750;0,200;0,150;NA;PIG;Miscellaneous Symbols and Pictographs
ğŸ”†;ğŸ”†;128262;17;0,605;0,050;0,350;0,600;0,550;NA;HIGH BRIGHTNESS SYMBOL;Miscellaneous Symbols and Pictographs
ğŸŒ›;ğŸŒ›;127771;17;0,680;0,050;0,350;0,600;0,550;NA;FIRST QUARTER MOON WITH FACE;Miscellaneous Symbols and Pictographs
ğŸ’‚;ğŸ’‚;128130;17;0,691;0,450;0,250;0,300;-0,150;NA;GUARDSMAN;Miscellaneous Symbols and Pictographs
ğŸ”;ğŸ”;128020;17;0,627;0,100;0,500;0,400;0,300;NA;CHICKEN;Miscellaneous Symbols and Pictographs
ğŸ™;ğŸ™;128590;17;0,641;0,450;0,150;0,400;-0,050;NA;PERSON WITH POUTING FACE;Emoticons
ğŸ©;ğŸ©;127977;16;0,587;0,158;0,263;0,579;0,421;NA;LOVE HOTEL;Miscellaneous Symbols and Pictographs
ğŸ‡«;ğŸ‡«;127467;16;0,718;0,053;0,421;0,526;0,474;NA;REGIONAL INDICATOR SYMBOL LETTER F;Enclosed Alphanumeric Supplement
ğŸ”¨;ğŸ”¨;128296;16;0,739;0,368;0,368;0,263;-0,105;NA;HAMMER;Miscellaneous Symbols and Pictographs
ğŸ“¢;ğŸ“¢;128226;16;0,546;0,053;0,474;0,474;0,421;NA;PUBLIC ADDRESS LOUDSPEAKER;Miscellaneous Symbols and Pictographs
ğŸ¦;ğŸ¦;128038;16;0,758;0,053;0,474;0,474;0,421;NA;BIRD;Miscellaneous Symbols and Pictographs
ğŸ²;ğŸ²;128050;16;0,458;0,158;0,737;0,105;-0,053;NA;DRAGON FACE;Miscellaneous Symbols and Pictographs
â™»;â™»;9851;16;0,439;0,053;0,421;0,526;0,474;NA;BLACK UNIVERSAL RECYCLING SYMBOL;Miscellaneous Symbols
ğŸŒ˜;ğŸŒ˜;127768;16;0,578;0,053;0,316;0,632;0,579;NA;WANING CRESCENT MOON SYMBOL;Miscellaneous Symbols and Pictographs
ğŸ;ğŸ;127824;16;0,845;0,316;0,211;0,474;0,158;NA;PEAR;Miscellaneous Symbols and Pictographs
ğŸŒ”;ğŸŒ”;127764;16;0,447;0,053;0,316;0,632;0,579;NA;WAXING GIBBOUS MOON SYMBOL;Miscellaneous Symbols and Pictographs
â•¥;â•¥;9573;16;0,869;0,368;0,158;0,474;0,105;NA;BOX DRAWINGS DOWN DOUBLE AND HORIZONTAL SINGLE;Box Drawing
âŠ;âŠ;10058;16;0,452;0,053;0,895;0,053;0,000;NA;EIGHT TEARDROP-SPOKED PROPELLER ASTERISK;Dingbats
ğŸ‘–;ğŸ‘–;128086;15;0,910;0,111;0,444;0,444;0,333;NA;JEANS;Miscellaneous Symbols and Pictographs
ğŸšº;ğŸšº;128698;15;0,677;0,167;0,500;0,333;0,167;NA;WOMENS SYMBOL;Transport and Map Symbols
ğŸ˜—;ğŸ˜—;128535;15;0,714;0,111;0,167;0,722;0,611;NA;KISSING FACE;Emoticons
ğŸ­;ğŸ­;127917;15;0,658;0,333;0,333;0,333;0,000;NA;PERFORMING ARTS;Miscellaneous Symbols and Pictographs
ğŸ„;ğŸ„;128004;15;0,826;0,167;0,389;0,444;0,278;NA;COW;Miscellaneous Symbols and Pictographs
â—Ÿ;â—Ÿ;9695;15;0,647;0,167;0,722;0,111;-0,056;NA;LOWER LEFT QUADRANT CIRCULAR ARC;Geometric Shapes
ğŸ¢;ğŸ¢;127842;15;0,684;0,333;0,444;0,222;-0,111;NA;ODEN;Miscellaneous Symbols and Pictographs
ğŸ¨;ğŸ¨;127912;15;0,491;0,111;0,611;0,278;0,167;NA;ARTIST PALETTE;Miscellaneous Symbols and Pictographs
â¬‡;â¬‡;11015;15;0,632;0,167;0,278;0,556;0,389;NA;DOWNWARDS BLACK ARROW;Miscellaneous Symbols and Arrows
ğŸš¼;ğŸš¼;128700;15;0,693;0,056;0,333;0,611;0,556;NA;BABY SYMBOL;Transport and Map Symbols
â›²;â›²;9970;15;0,697;0,111;0,722;0,167;0,056;NA;FOUNTAIN;Miscellaneous Symbols
â–;â–;9601;15;0,711;0,056;0,889;0,056;0,000;NA;LOWER ONE EIGHTH BLOCK;Block Elements
ğŸ‡´;ğŸ‡´;127476;15;0,676;0,056;0,556;0,389;0,333;NA;REGIONAL INDICATOR SYMBOL LETTER O;Enclosed Alphanumeric Supplement
ğŸŒ—;ğŸŒ—;127767;15;0,547;0,056;0,278;0,667;0,611;NA;LAST QUARTER MOON SYMBOL;Miscellaneous Symbols and Pictographs
ğŸŒ–;ğŸŒ–;127766;15;0,535;0,056;0,278;0,667;0,611;NA;WANING GIBBOUS MOON SYMBOL;Miscellaneous Symbols and Pictographs
ğŸ”…;ğŸ”…;128261;15;0,635;0,056;0,056;0,889;0,833;NA;LOW BRIGHTNESS SYMBOL;Miscellaneous Symbols and Pictographs
ğŸ‘œ;ğŸ‘œ;128092;14;0,675;0,176;0,412;0,412;0,235;NA;HANDBAG;Miscellaneous Symbols and Pictographs
ğŸŒ;ğŸŒ;128012;14;0,421;0,059;0,235;0,706;0,647;NA;SNAIL;Miscellaneous Symbols and Pictographs
ğŸ’¼;ğŸ’¼;128188;14;0,573;0,118;0,235;0,647;0,529;NA;BRIEFCASE;Miscellaneous Symbols and Pictographs
ğŸš•;ğŸš•;128661;14;0,526;0,235;0,529;0,235;0,000;NA;TAXI;Transport and Map Symbols
ğŸ¹;ğŸ¹;128057;14;0,744;0,235;0,235;0,529;0,294;NA;HAMSTER FACE;Miscellaneous Symbols and Pictographs
ğŸŒ ;ğŸŒ ;127776;14;0,761;0,176;0,118;0,706;0,529;NA;SHOOTING STAR;Miscellaneous Symbols and Pictographs
ğŸˆ;ğŸˆ;128008;14;0,645;0,059;0,588;0,353;0,294;NA;CAT;Miscellaneous Symbols and Pictographs
â‡§;â‡§;8679;14;0,461;0,059;0,765;0,176;0,118;NA;UPWARDS WHITE ARROW;Arrows
â˜;â˜;9742;14;0,837;0,176;0,647;0,176;0,000;NA;BLACK TELEPHONE;Miscellaneous Symbols
ğŸŒ;ğŸŒ;127745;14;0,744;0,118;0,588;0,294;0,176;NA;FOGGY;Miscellaneous Symbols and Pictographs
âš«;âš«;9899;14;0,441;0,235;0,294;0,471;0,235;NA;MEDIUM BLACK CIRCLE;Miscellaneous Symbols
â™§;â™§;9831;14;0,775;0,059;0,412;0,529;0,471;NA;WHITE CLUB SUIT;Miscellaneous Symbols
ğŸ°;ğŸ°;127984;14;0,434;0,118;0,471;0,412;0,294;NA;EUROPEAN CASTLE;Miscellaneous Symbols and Pictographs
ğŸšµ;ğŸšµ;128693;14;0,556;0,059;0,529;0,412;0,353;NA;MOUNTAIN BICYCLIST;Transport and Map Symbols
ğŸ¢;ğŸ¢;127906;14;0,826;0,118;0,294;0,588;0,471;NA;ROLLER COASTER;Miscellaneous Symbols and Pictographs
ğŸ·;ğŸ·;127927;14;0,760;0,059;0,235;0,706;0,647;NA;SAXOPHONE;Miscellaneous Symbols and Pictographs
ğŸ;ğŸ;127888;14;0,291;0,059;0,706;0,235;0,176;NA;WIND CHIME;Miscellaneous Symbols and Pictographs
â”ˆ;â”ˆ;9480;14;0,793;0,765;0,059;0,176;-0,588;NA;BOX DRAWINGS LIGHT QUADRUPLE DASH HORIZONTAL;Box Drawing
â•—;â•—;9559;14;0,361;0,059;0,529;0,412;0,353;NA;BOX DRAWINGS DOUBLE DOWN AND LEFT;Box Drawing
â•±;â•±;9585;14;0,548;0,059;0,882;0,059;0,000;NA;BOX DRAWINGS LIGHT DIAGONAL UPPER RIGHT TO LOWER LEFT;Box Drawing
ğŸŒ‡;ğŸŒ‡;127751;13;0,543;0,063;0,375;0,563;0,500;NA;SUNSET OVER BUILDINGS;Miscellaneous Symbols and Pictographs
â°;â°;9200;13;0,646;0,188;0,188;0,625;0,438;NA;ALARM CLOCK;Miscellaneous Technical
â‡©;â‡©;8681;13;0,504;0,063;0,875;0,063;0,000;NA;DOWNWARDS WHITE ARROW;Arrows
ğŸš‚;ğŸš‚;128642;13;0,656;0,063;0,625;0,313;0,250;NA;STEAM LOCOMOTIVE;Transport and Map Symbols
â— ;â— ;9696;13;0,653;0,063;0,438;0,500;0,438;NA;UPPER HALF CIRCLE;Geometric Shapes
ğŸ¿;ğŸ¿;127935;13;0,727;0,125;0,375;0,500;0,375;NA;SKI AND SKI BOOT;Miscellaneous Symbols and Pictographs
âœ¦;âœ¦;10022;13;0,402;0,063;0,813;0,125;0,063;NA;BLACK FOUR POINTED STAR;Dingbats
ğŸ†”;ğŸ†”;127380;13;0,479;0,063;0,125;0,813;0,750;NA;SQUARED ID;Enclosed Alphanumeric Supplement
â›ª;â›ª;9962;13;0,387;0,188;0,500;0,313;0,125;NA;CHURCH;Miscellaneous Symbols
ğŸŒ’;ğŸŒ’;127762;13;0,446;0,063;0,313;0,625;0,563;NA;WAXING CRESCENT MOON SYMBOL;Miscellaneous Symbols and Pictographs
ğŸª;ğŸª;128042;13;0,837;0,063;0,313;0,625;0,563;NA;DROMEDARY CAMEL;Miscellaneous Symbols and Pictographs
â•”;â•”;9556;13;0,310;0,063;0,625;0,313;0,250;NA;BOX DRAWINGS DOUBLE DOWN AND RIGHT;Box Drawing
â•;â•;9565;13;0,800;0,063;0,438;0,500;0,438;NA;BOX DRAWINGS DOUBLE UP AND LEFT;Box Drawing
ğŸ‘”;ğŸ‘”;128084;12;0,520;0,200;0,267;0,533;0,333;NA;NECKTIE;Miscellaneous Symbols and Pictographs
ğŸ”±;ğŸ”±;128305;12;0,791;0,267;0,400;0,333;0,067;NA;TRIDENT EMBLEM;Miscellaneous Symbols and Pictographs
ğŸ†“;ğŸ†“;127379;12;0,551;0,067;0,667;0,267;0,200;NA;SQUARED FREE;Enclosed Alphanumeric Supplement
ğŸ‹;ğŸ‹;128011;12;0,866;0,200;0,400;0,400;0,200;NA;WHALE;Miscellaneous Symbols and Pictographs
â–½;â–½;9661;12;0,844;0,133;0,333;0,533;0,400;NA;WHITE DOWN-POINTING TRIANGLE;Geometric Shapes
â–‚;â–‚;9602;12;0,579;0,067;0,867;0,067;0,000;NA;LOWER ONE QUARTER BLOCK;Block Elements
ğŸ›;ğŸ›;128027;12;0,673;0,200;0,333;0,467;0,267;NA;BUG;Miscellaneous Symbols and Pictographs
ğŸ‘•;ğŸ‘•;128085;12;0,795;0,133;0,333;0,533;0,400;NA;T-SHIRT;Miscellaneous Symbols and Pictographs
ğŸš‹;ğŸš‹;128651;12;0,318;0,067;0,800;0,133;0,067;NA;TRAM CAR;Transport and Map Symbols
ğŸ’³;ğŸ’³;128179;12;0,834;0,133;0,333;0,533;0,400;NA;CREDIT CARD;Miscellaneous Symbols and Pictographs
ğŸŒ†;ğŸŒ†;127750;12;0,765;0,200;0,467;0,333;0,133;NA;CITYSCAPE AT DUSK;Miscellaneous Symbols and Pictographs
ğŸ§;ğŸ§;127975;12;0,888;0,067;0,067;0,867;0,800;NA;AUTOMATED TELLER MACHINE;Miscellaneous Symbols and Pictographs
ğŸ’¡;ğŸ’¡;128161;12;0,598;0,067;0,267;0,667;0,600;NA;ELECTRIC LIGHT BULB;Miscellaneous Symbols and Pictographs
ğŸ”¹;ğŸ”¹;128313;12;0,170;0,200;0,467;0,333;0,133;NA;SMALL BLUE DIAMOND;Miscellaneous Symbols and Pictographs
â¬…;â¬…;11013;12;0,663;0,067;0,400;0,533;0,467;NA;LEFTWARDS BLACK ARROW;Miscellaneous Symbols and Arrows
ğŸ ;ğŸ ;127840;12;0,939;0,400;0,200;0,400;0,000;NA;ROASTED SWEET POTATO;Miscellaneous Symbols and Pictographs
ğŸ«;ğŸ«;128043;12;0,770;0,067;0,533;0,400;0,333;NA;BACTRIAN CAMEL;Miscellaneous Symbols and Pictographs
ğŸª;ğŸª;127978;12;0,374;0,200;0,533;0,267;0,067;NA;CONVENIENCE STORE;Miscellaneous Symbols and Pictographs
Û©;Û©;1769;12;0,464;0,067;0,867;0,067;0,000;NA;ARABIC PLACE OF SAJDAH;Arabic
ğŸ‡±;ğŸ‡±;127473;12;0,713;0,067;0,467;0,467;0,400;NA;REGIONAL INDICATOR SYMBOL LETTER L;Enclosed Alphanumeric Supplement
ğŸ“¹;ğŸ“¹;128249;11;0,718;0,143;0,286;0,571;0,429;NA;VIDEO CAMERA;Miscellaneous Symbols and Pictographs
ğŸ‘;ğŸ‘;128094;11;0,779;0,143;0,286;0,571;0,429;NA;MANS SHOE;Miscellaneous Symbols and Pictographs
ğŸš‘;ğŸš‘;128657;11;0,758;0,286;0,357;0,357;0,071;NA;AMBULANCE;Transport and Map Symbols
ğŸ†˜;ğŸ†˜;127384;11;0,775;0,357;0,214;0,429;0,071;NA;SQUARED SOS;Enclosed Alphanumeric Supplement
ğŸ‘š;ğŸ‘š;128090;11;0,810;0,071;0,286;0,643;0,571;NA;WOMANS CLOTHES;Miscellaneous Symbols and Pictographs
ğŸš;ğŸš;128653;11;0,660;0,357;0,214;0,429;0,071;NA;ONCOMING BUS;Transport and Map Symbols
â–¡;â–¡;9633;11;0,674;0,571;0,071;0,357;-0,214;NA;WHITE SQUARE;Geometric Shapes
ğŸ‚;ğŸ‚;128002;11;0,774;0,143;0,571;0,286;0,143;NA;OX;Miscellaneous Symbols and Pictographs
ğŸš£;ğŸš£;128675;11;0,713;0,071;0,286;0,643;0,571;NA;ROWBOAT;Transport and Map Symbols
âœ³;âœ³;10035;11;0,372;0,071;0,857;0,071;0,000;NA;EIGHT SPOKED ASTERISK;Dingbats
ğŸ‰;ğŸ‰;127945;11;0,837;0,071;0,357;0,571;0,500;NA;RUGBY FOOTBALL;Miscellaneous Symbols and Pictographs
ğŸ—»;ğŸ—»;128507;11;0,723;0,071;0,286;0,643;0,571;NA;MOUNT FUJI;Miscellaneous Symbols and Pictographs
ğŸ€;ğŸ€;128000;11;0,701;0,143;0,571;0,286;0,143;NA;RAT;Miscellaneous Symbols and Pictographs
â•¦;â•¦;9574;11;0,220;0,071;0,500;0,429;0,357;NA;BOX DRAWINGS DOUBLE DOWN AND HORIZONTAL;Box Drawing
â›º;â›º;9978;10;0,906;0,154;0,231;0,615;0,462;NA;TENT;Miscellaneous Symbols
ğŸ•;ğŸ•;128021;10;0,879;0,154;0,462;0,385;0,231;NA;DOG;Miscellaneous Symbols and Pictographs
ğŸ‚;ğŸ‚;127938;10;0,777;0,154;0,308;0,538;0,385;NA;SNOWBOARDER;Miscellaneous Symbols and Pictographs
ğŸ‘¡;ğŸ‘¡;128097;10;0,635;0,154;0,308;0,538;0,385;NA;WOMANS SANDAL;Miscellaneous Symbols and Pictographs
ğŸ“»;ğŸ“»;128251;10;0,726;0,154;0,385;0,462;0,308;NA;RADIO;Miscellaneous Symbols and Pictographs
âœ’;âœ’;10002;10;0,544;0,154;0,462;0,385;0,231;NA;BLACK NIB;Dingbats
ğŸŒ°;ğŸŒ°;127792;10;0,786;0,077;0,308;0,615;0,538;NA;CHESTNUT;Miscellaneous Symbols and Pictographs
ğŸ¢;ğŸ¢;127970;10;0,542;0,077;0,692;0,231;0,154;NA;OFFICE BUILDING;Miscellaneous Symbols and Pictographs
ğŸ’;ğŸ’;127890;10;0,614;0,154;0,231;0,615;0,462;NA;SCHOOL SATCHEL;Miscellaneous Symbols and Pictographs
âŒ’;âŒ’;8978;10;0,624;0,077;0,308;0,615;0,538;NA;ARC;Miscellaneous Technical
ğŸ«;ğŸ«;127979;10;0,644;0,538;0,154;0,308;-0,231;NA;SCHOOL;Miscellaneous Symbols and Pictographs
ğŸ“´;ğŸ“´;128244;10;0,982;0,154;0,077;0,769;0,615;NA;MOBILE PHONE OFF;Miscellaneous Symbols and Pictographs
ğŸš¢;ğŸš¢;128674;10;0,818;0,308;0,154;0,538;0,231;NA;SHIP;Transport and Map Symbols
ğŸšš;ğŸšš;128666;10;0,479;0,231;0,615;0,154;-0,077;NA;DELIVERY TRUCK;Transport and Map Symbols
ğŸ‰;ğŸ‰;128009;10;0,628;0,077;0,692;0,231;0,154;NA;DRAGON;Miscellaneous Symbols and Pictographs
â’;â’;10066;10;0,587;0,077;0,615;0,308;0,231;NA;UPPER RIGHT SHADOWED WHITE SQUARE;Dingbats
ğŸŠ;ğŸŠ;128010;10;0,846;0,231;0,462;0,308;0,077;NA;CROCODILE;Miscellaneous Symbols and Pictographs
ğŸ””;ğŸ””;128276;10;0,713;0,077;0,077;0,846;0,769;NA;BELL;Miscellaneous Symbols and Pictographs
â—¢;â—¢;9698;10;0,572;0,077;0,231;0,692;0,615;NA;BLACK LOWER RIGHT TRIANGLE;Geometric Shapes
ğŸ¥;ğŸ¥;127973;9;0,648;0,167;0,417;0,417;0,250;NA;HOSPITAL;Miscellaneous Symbols and Pictographs
â”;â”;10068;9;0,787;0,333;0,333;0,333;0,000;NA;WHITE QUESTION MARK ORNAMENT;Dingbats
ğŸš–;ğŸš–;128662;9;0,800;0,333;0,417;0,250;-0,083;NA;ONCOMING TAXI;Transport and Map Symbols
ğŸƒ;ğŸƒ;127183;9;0,686;0,333;0,250;0,417;0,083;NA;PLAYING CARD BLACK JOKER;Playing Cards
â–¼;â–¼;9660;9;0,657;0,250;0,417;0,333;0,083;NA;BLACK DOWN-POINTING TRIANGLE;Geometric Shapes
â–Œ;â–Œ;9612;9;0,421;0,417;0,417;0,167;-0,250;NA;LEFT HALF BLOCK;Block Elements
â˜›;â˜›;9755;9;0,554;0,083;0,500;0,417;0,333;NA;BLACK RIGHT POINTING INDEX;Miscellaneous Symbols
âœ©;âœ©;10025;9;0,266;0,083;0,833;0,083;0,000;NA;STRESS OUTLINED WHITE STAR;Dingbats
ğŸ’’;ğŸ’’;128146;9;0,794;0,083;0,333;0,583;0,500;NA;WEDDING;Miscellaneous Symbols and Pictographs
ğŸš¤;ğŸš¤;128676;9;0,504;0,083;0,500;0,417;0,333;NA;SPEEDBOAT;Transport and Map Symbols
ğŸ;ğŸ;128016;9;0,721;0,083;0,417;0,500;0,417;NA;GOAT;Miscellaneous Symbols and Pictographs
â– ;â– ;9632;9;0,790;0,500;0,250;0,250;-0,250;NA;BLACK SQUARE;Geometric Shapes
ğŸ”š;ğŸ”š;128282;9;0,869;0,167;0,333;0,500;0,333;NA;END WITH LEFTWARDS ARROW ABOVE;Miscellaneous Symbols and Pictographs
ğŸ»;ğŸ»;127931;9;0,721;0,083;0,500;0,417;0,333;NA;VIOLIN;Miscellaneous Symbols and Pictographs
ğŸ”·;ğŸ”·;128311;9;0,368;0,083;0,667;0,250;0,167;NA;LARGE BLUE DIAMOND;Miscellaneous Symbols and Pictographs
ğŸš¦;ğŸš¦;128678;9;0,454;0,250;0,417;0,333;0,083;NA;VERTICAL TRAFFIC LIGHT;Transport and Map Symbols
ğŸ”“;ğŸ”“;128275;9;0,803;0,333;0,250;0,417;0,083;NA;OPEN LOCK;Miscellaneous Symbols and Pictographs
ğŸ½;ğŸ½;127933;9;0,904;0,083;0,417;0,500;0,417;NA;RUNNING SHIRT WITH SASH;Miscellaneous Symbols and Pictographs
ğŸ“…;ğŸ“…;128197;9;0,597;0,250;0,333;0,417;0,167;NA;CALENDAR;Miscellaneous Symbols and Pictographs
ğŸº;ğŸº;127930;9;0,646;0,167;0,083;0,750;0,583;NA;TRUMPET;Miscellaneous Symbols and Pictographs
âœ¯;âœ¯;10031;9;0,321;0,083;0,833;0,083;0,000;NA;PINWHEEL STAR;Dingbats
ğŸˆ;ğŸˆ;127816;9;0,521;0,583;0,167;0,250;-0,333;NA;MELON;Miscellaneous Symbols and Pictographs
âœ‰;âœ‰;9993;9;0,441;0,167;0,417;0,417;0,250;NA;ENVELOPE;Dingbats
â•£;â•£;9571;9;0,642;0,083;0,833;0,083;0,000;NA;BOX DRAWINGS DOUBLE VERTICAL AND LEFT;Box Drawing
â—¤;â—¤;9700;9;0,669;0,083;0,083;0,833;0,750;NA;BLACK UPPER LEFT TRIANGLE;Geometric Shapes
â—‹;â—‹;9675;8;0,625;0,091;0,364;0,545;0,455;NA;WHITE CIRCLE;Geometric Shapes
ğŸ¼;ğŸ¼;127868;8;0,890;0,182;0,182;0,636;0,455;NA;BABY BOTTLE;Miscellaneous Symbols and Pictographs
ğŸ“€;ğŸ“€;128192;8;0,843;0,182;0,545;0,273;0,091;NA;DVD;Miscellaneous Symbols and Pictographs
ğŸš›;ğŸš›;128667;8;0,552;0,273;0,636;0,091;-0,182;NA;ARTICULATED LORRY;Transport and Map Symbols
ğŸ““;ğŸ““;128211;8;0,835;0,182;0,455;0,364;0,182;NA;NOTEBOOK;Miscellaneous Symbols and Pictographs
â˜‰;â˜‰;9737;8;0,986;0,091;0,636;0,273;0,182;NA;SUN;Miscellaneous Symbols
ğŸ’´;ğŸ’´;128180;8;0,837;0,364;0,455;0,182;-0,182;NA;BANKNOTE WITH YEN SIGN;Miscellaneous Symbols and Pictographs
â”¼;â”¼;9532;8;0,595;0,273;0,455;0,273;0,000;NA;BOX DRAWINGS LIGHT VERTICAL AND HORIZONTAL;Box Drawing
ğŸƒ;ğŸƒ;128003;8;0,830;0,091;0,818;0,091;0,000;NA;WATER BUFFALO;Miscellaneous Symbols and Pictographs
â°;â°;10160;8;0,255;0,455;0,182;0,364;-0,091;NA;CURLY LOOP;Dingbats
ğŸ”Œ;ğŸ”Œ;128268;8;0,844;0,364;0,364;0,273;-0,091;NA;ELECTRIC PLUG;Miscellaneous Symbols and Pictographs
ğŸ„;ğŸ„;127812;8;0,482;0,273;0,455;0,273;0,000;NA;MUSHROOM;Miscellaneous Symbols and Pictographs
ğŸ“•;ğŸ“•;128213;8;0,688;0,182;0,455;0,364;0,182;NA;CLOSED BOOK;Miscellaneous Symbols and Pictographs
ğŸ“£;ğŸ“£;128227;8;0,665;0,182;0,273;0,545;0,364;NA;CHEERING MEGAPHONE;Miscellaneous Symbols and Pictographs
ğŸš“;ğŸš“;128659;8;0,655;0,091;0,545;0,364;0,273;NA;POLICE CAR;Transport and Map Symbols
ğŸ—;ğŸ—;128023;8;0,757;0,091;0,364;0,545;0,455;NA;BOAR;Miscellaneous Symbols and Pictographs
â†ª;â†ª;8618;8;0,727;0,091;0,727;0,182;0,091;NA;RIGHTWARDS ARROW WITH HOOK;Arrows
â›³;â›³;9971;8;0,660;0,091;0,182;0,727;0,636;NA;FLAG IN HOLE;Miscellaneous Symbols
â”»;â”»;9531;8;0,436;0,636;0,091;0,273;-0,364;NA;BOX DRAWINGS HEAVY UP AND HORIZONTAL;Box Drawing
â”›;â”›;9499;8;0,712;0,091;0,273;0,636;0,545;NA;BOX DRAWINGS HEAVY UP AND LEFT;Box Drawing
â”ƒ;â”ƒ;9475;8;0,496;0,091;0,455;0,455;0,364;NA;BOX DRAWINGS HEAVY VERTICAL;Box Drawing
ğŸ‘±;ğŸ‘±;128113;7;0,584;0,200;0,500;0,300;0,100;NA;PERSON WITH BLOND HAIR;Miscellaneous Symbols and Pictographs
â³;â³;9203;7;0,829;0,400;0,200;0,400;0,000;NA;HOURGLASS WITH FLOWING SAND;Miscellaneous Technical
ğŸ’º;ğŸ’º;128186;7;0,500;0,200;0,400;0,400;0,200;NA;SEAT;Miscellaneous Symbols and Pictographs
ğŸ‡;ğŸ‡;127943;7;0,829;0,400;0,300;0,300;-0,100;NA;HORSE RACING;Miscellaneous Symbols and Pictographs
â˜»;â˜»;9787;7;0,808;0,200;0,400;0,400;0,200;NA;BLACK SMILING FACE;Miscellaneous Symbols
ğŸ“;ğŸ“;128222;7;0,640;0,100;0,400;0,500;0,400;NA;TELEPHONE RECEIVER;Miscellaneous Symbols and Pictographs
â’¶;â’¶;9398;7;0,467;0,300;0,500;0,200;-0,100;NA;CIRCLED LATIN CAPITAL LETTER A;Enclosed Alphanumerics
ğŸŒ‰;ğŸŒ‰;127753;7;0,848;0,100;0,300;0,600;0,500;NA;BRIDGE AT NIGHT;Miscellaneous Symbols and Pictographs
ğŸš©;ğŸš©;128681;7;0,147;0,400;0,400;0,200;-0,200;NA;TRIANGULAR FLAG ON POST;Transport and Map Symbols
âœ;âœ;9998;7;0,547;0,100;0,300;0,600;0,500;NA;LOWER RIGHT PENCIL;Dingbats
ğŸ“ƒ;ğŸ“ƒ;128195;7;0,754;0,100;0,400;0,500;0,400;NA;PAGE WITH CURL;Miscellaneous Symbols and Pictographs
ğŸ¨;ğŸ¨;127976;7;0,803;0,100;0,600;0,300;0,200;NA;HOTEL;Miscellaneous Symbols and Pictographs
ğŸ“Œ;ğŸ“Œ;128204;7;0,799;0,600;0,200;0,200;-0,400;NA;PUSHPIN;Miscellaneous Symbols and Pictographs
â™;â™;9806;7;0,855;0,300;0,500;0,200;-0,100;NA;LIBRA;Miscellaneous Symbols
ğŸ’·;ğŸ’·;128183;7;0,573;0,100;0,400;0,500;0,400;NA;BANKNOTE WITH POUND SIGN;Miscellaneous Symbols and Pictographs
ğŸš„;ğŸš„;128644;7;0,700;0,100;0,300;0,600;0,500;NA;HIGH-SPEED TRAIN;Transport and Map Symbols
â–²;â–²;9650;7;0,338;0,100;0,300;0,600;0,500;NA;BLACK UP-POINTING TRIANGLE;Geometric Shapes
â›µ;â›µ;9973;7;0,324;0,100;0,300;0,600;0,500;NA;SAILBOAT;Miscellaneous Symbols
ğŸ”¸;ğŸ”¸;128312;7;0,172;0,100;0,600;0,300;0,200;NA;SMALL ORANGE DIAMOND;Miscellaneous Symbols and Pictographs
âŒ›;âŒ›;8987;7;0,797;0,300;0,300;0,400;0,100;NA;HOURGLASS;Miscellaneous Technical
ğŸšœ;ğŸšœ;128668;7;0,767;0,100;0,100;0,800;0,700;NA;TRACTOR;Transport and Map Symbols
ğŸ†;ğŸ†;128006;7;0,550;0,100;0,500;0,400;0,300;NA;LEOPARD;Miscellaneous Symbols and Pictographs
ğŸ‘’;ğŸ‘’;128082;7;0,844;0,200;0,400;0,400;0,200;NA;WOMANS HAT;Miscellaneous Symbols and Pictographs
â•;â•;10069;7;0,862;0,200;0,400;0,400;0,200;NA;WHITE EXCLAMATION MARK ORNAMENT;Dingbats
ğŸ”›;ğŸ”›;128283;7;0,474;0,200;0,200;0,600;0,400;NA;ON WITH EXCLAMATION MARK WITH LEFT RIGHT ARROW ABOVE;Miscellaneous Symbols and Pictographs
â™¢;â™¢;9826;7;0,868;0,100;0,500;0,400;0,300;NA;WHITE DIAMOND SUIT;Miscellaneous Symbols
ğŸ‡²;ğŸ‡²;127474;7;0,787;0,100;0,400;0,500;0,400;NA;REGIONAL INDICATOR SYMBOL LETTER M;Enclosed Alphanumeric Supplement
â…;â…;10053;7;0,247;0,100;0,200;0,700;0,600;NA;TIGHT TRIFOLIATE SNOWFLAKE;Dingbats
ğŸ‘;ğŸ‘;128093;6;0,611;0,222;0,222;0,556;0,333;NA;POUCH;Miscellaneous Symbols and Pictographs
âœ;âœ;10014;6;0,509;0,111;0,444;0,444;0,333;NA;SHADOWED WHITE LATIN CROSS;Dingbats
â—¡;â—¡;9697;6;0,947;0,111;0,556;0,333;0,222;NA;LOWER HALF CIRCLE;Geometric Shapes
ğŸ‹;ğŸ‹;127883;6;0,786;0,222;0,111;0,667;0,444;NA;TANABATA TREE;Miscellaneous Symbols and Pictographs
ğŸ‘¥;ğŸ‘¥;128101;6;0,838;0,222;0,333;0,444;0,222;NA;BUSTS IN SILHOUETTE;Miscellaneous Symbols and Pictographs
ğŸ“µ;ğŸ“µ;128245;6;0,794;0,222;0,444;0,333;0,111;NA;NO MOBILE PHONES;Miscellaneous Symbols and Pictographs
ğŸ¡;ğŸ¡;128033;6;0,867;0,111;0,556;0,333;0,222;NA;BLOWFISH;Miscellaneous Symbols and Pictographs
â—†;â—†;9670;6;0,602;0,111;0,222;0,667;0,556;NA;BLACK DIAMOND;Geometric Shapes
ğŸ¯;ğŸ¯;127983;6;0,530;0,111;0,667;0,222;0,111;NA;JAPANESE CASTLE;Miscellaneous Symbols and Pictographs
â˜‚;â˜‚;9730;6;0,453;0,222;0,556;0,222;0,000;NA;UMBRELLA;Miscellaneous Symbols
ğŸ”­;ğŸ”­;128301;6;0,716;0,111;0,444;0,444;0,333;NA;TELESCOPE;Miscellaneous Symbols and Pictographs
ğŸª;ğŸª;127914;6;0,608;0,111;0,556;0,333;0,222;NA;CIRCUS TENT;Miscellaneous Symbols and Pictographs
ğŸœ;ğŸœ;128028;6;0,880;0,111;0,333;0,556;0,444;NA;ANT;Miscellaneous Symbols and Pictographs
â™Œ;â™Œ;9804;6;0,790;0,111;0,222;0,667;0,556;NA;LEO;Miscellaneous Symbols
â˜;â˜;9744;6;0,538;0,778;0,111;0,111;-0,667;NA;BALLOT BOX;Miscellaneous Symbols
ğŸ‘·;ğŸ‘·;128119;6;0,739;0,222;0,333;0,444;0,222;NA;CONSTRUCTION WORKER;Miscellaneous Symbols and Pictographs
â†³;â†³;8627;6;0,346;0,111;0,778;0,111;0,000;NA;DOWNWARDS ARROW WITH TIP RIGHTWARDS;Arrows
ğŸ”ˆ;ğŸ”ˆ;128264;6;0,635;0,111;0,556;0,333;0,222;NA;SPEAKER;Miscellaneous Symbols and Pictographs
ğŸ“„;ğŸ“„;128196;6;0,624;0,111;0,111;0,778;0,667;NA;PAGE FACING UP;Miscellaneous Symbols and Pictographs
ğŸ“;ğŸ“;128205;6;0,489;0,222;0,444;0,333;0,111;NA;ROUND PUSHPIN;Miscellaneous Symbols and Pictographs
ğŸš;ğŸš;128656;6;0,776;0,111;0,222;0,667;0,556;NA;MINIBUS;Transport and Map Symbols
ğŸš”;ğŸš”;128660;6;0,522;0,222;0,556;0,222;0,000;NA;ONCOMING POLICE CAR;Transport and Map Symbols
ğŸŒ‹;ğŸŒ‹;127755;6;0,380;0,111;0,333;0,556;0,444;NA;VOLCANO;Miscellaneous Symbols and Pictographs
ğŸ“¡;ğŸ“¡;128225;6;0,554;0,222;0,333;0,444;0,222;NA;SATELLITE ANTENNA;Miscellaneous Symbols and Pictographs
â©;â©;9193;6;0,732;0,111;0,667;0,222;0,111;NA;BLACK RIGHT-POINTING DOUBLE TRIANGLE;Miscellaneous Technical
ğŸš³;ğŸš³;128691;6;0,103;0,111;0,111;0,778;0,667;NA;NO BICYCLES;Transport and Map Symbols
âœ˜;âœ˜;10008;6;0,539;0,111;0,222;0,667;0,556;NA;HEAVY BALLOT X;Dingbats
Û;Û;1758;6;0,472;0,111;0,778;0,111;0,000;NA;ARABIC START OF RUB EL HIZB;Arabic
â˜¾;â˜¾;9790;6;0,453;0,111;0,778;0,111;0,000;NA;LAST QUARTER MOON;Miscellaneous Symbols
ğŸ…°;ğŸ…°;127344;6;0,311;0,222;0,333;0,444;0,222;NA;NEGATIVE SQUARED LATIN CAPITAL LETTER A;Enclosed Alphanumeric Supplement
ğŸ“¥;ğŸ“¥;128229;6;0,982;0,111;0,778;0,111;0,000;NA;INBOX TRAY;Miscellaneous Symbols and Pictographs
ğŸ‡¼;ğŸ‡¼;127484;6;0,734;0,111;0,444;0,444;0,333;NA;REGIONAL INDICATOR SYMBOL LETTER W;Enclosed Alphanumeric Supplement
â”“;â”“;9491;6;0,515;0,111;0,333;0,556;0,444;NA;BOX DRAWINGS HEAVY DOWN AND LEFT;Box Drawing
â”£;â”£;9507;6;0,487;0,111;0,333;0,556;0,444;NA;BOX DRAWINGS HEAVY VERTICAL AND RIGHT;Box Drawing
â“;â“;9409;6;0,727;0,111;0,444;0,444;0,333;NA;CIRCLED LATIN CAPITAL LETTER L;Enclosed Alphanumerics
â’º;â’º;9402;6;0,815;0,111;0,444;0,444;0,333;NA;CIRCLED LATIN CAPITAL LETTER E;Enclosed Alphanumerics
ğŸ”¦;ğŸ”¦;128294;5;0,853;0,125;0,750;0,125;0,000;NA;ELECTRIC TORCH;Miscellaneous Symbols and Pictographs
ğŸ‘¤;ğŸ‘¤;128100;5;0,786;0,125;0,250;0,625;0,500;NA;BUST IN SILHOUETTE;Miscellaneous Symbols and Pictographs
ğŸš;ğŸš;128641;5;0,510;0,125;0,625;0,250;0,125;NA;HELICOPTER;Transport and Map Symbols
ğŸ ;ğŸ ;127904;5;0,574;0,125;0,375;0,500;0,375;NA;CAROUSEL HORSE;Miscellaneous Symbols and Pictographs
ğŸ;ğŸ;128001;5;0,419;0,375;0,500;0,125;-0,250;NA;MOUSE;Miscellaneous Symbols and Pictographs
ğŸ“—;ğŸ“—;128215;5;0,789;0,250;0,375;0,375;0,125;NA;GREEN BOOK;Miscellaneous Symbols and Pictographs
â”;â”;9488;5;0,771;0,375;0,375;0,250;-0,125;NA;BOX DRAWINGS LIGHT DOWN AND LEFT;Box Drawing
â˜®;â˜®;9774;5;0,750;0,375;0,250;0,375;0,000;NA;PEACE SYMBOL;Miscellaneous Symbols
â™‚;â™‚;9794;5;0,580;0,125;0,625;0,250;0,125;NA;MALE SIGN;Miscellaneous Symbols
â—;â—;9694;5;0,723;0,250;0,500;0,250;0,000;NA;LOWER RIGHT QUADRANT CIRCULAR ARC;Geometric Shapes
ğŸ“¯;ğŸ“¯;128239;5;0,974;0,250;0,625;0,125;-0,125;NA;POSTAL HORN;Miscellaneous Symbols and Pictographs
ğŸ”©;ğŸ”©;128297;5;0,673;0,250;0,375;0,375;0,125;NA;NUT AND BOLT;Miscellaneous Symbols and Pictographs
ğŸ‘¢;ğŸ‘¢;128098;5;0,994;0,125;0,250;0,625;0,500;NA;WOMANS BOOTS;Miscellaneous Symbols and Pictographs
â—‚;â—‚;9666;5;0,199;0,125;0,500;0,375;0,250;NA;BLACK LEFT-POINTING SMALL TRIANGLE;Geometric Shapes
ğŸ“°;ğŸ“°;128240;5;0,860;0,250;0,250;0,500;0,250;NA;NEWSPAPER;Miscellaneous Symbols and Pictographs
ğŸ“¶;ğŸ“¶;128246;5;0,930;0,125;0,500;0,375;0,250;NA;ANTENNA WITH BARS;Miscellaneous Symbols and Pictographs
ğŸš¥;ğŸš¥;128677;5;0,724;0,250;0,500;0,250;0,000;NA;HORIZONTAL TRAFFIC LIGHT;Transport and Map Symbols
ğŸŒ„;ğŸŒ„;127748;5;0,286;0,125;0,625;0,250;0,125;NA;SUNRISE OVER MOUNTAINS;Miscellaneous Symbols and Pictographs
ğŸ—¾;ğŸ—¾;128510;5;0,739;0,125;0,500;0,375;0,250;NA;SILHOUETTE OF JAPAN;Miscellaneous Symbols and Pictographs
ğŸ”¶;ğŸ”¶;128310;5;0,786;0,125;0,500;0,375;0,250;NA;LARGE ORANGE DIAMOND;Miscellaneous Symbols and Pictographs
ğŸ¤;ğŸ¤;127972;5;0,273;0,125;0,500;0,375;0,250;NA;EUROPEAN POST OFFICE;Miscellaneous Symbols and Pictographs
ğŸ©;ğŸ©;127913;5;0,586;0,125;0,500;0,375;0,250;NA;TOP HAT;Miscellaneous Symbols and Pictographs
â“‚;â“‚;9410;5;0,765;0,250;0,250;0,500;0,250;NA;CIRCLED LATIN CAPITAL LETTER M;Enclosed Alphanumerics
ğŸ”§;ğŸ”§;128295;5;0,677;0,625;0,125;0,250;-0,375;NA;WRENCH;Miscellaneous Symbols and Pictographs
ğŸ…;ğŸ…;128005;5;0,819;0,125;0,625;0,250;0,125;NA;TIGER;Miscellaneous Symbols and Pictographs
â™®;â™®;9838;5;0,937;0,125;0,625;0,250;0,125;NA;MUSIC NATURAL SIGN;Miscellaneous Symbols
ğŸ…¾;ğŸ…¾;127358;5;0,977;0,375;0,375;0,250;-0,125;NA;NEGATIVE SQUARED LATIN CAPITAL LETTER O;Enclosed Alphanumeric Supplement
ğŸ”„;ğŸ”„;128260;5;0,971;0,125;0,750;0,125;0,000;NA;ANTICLOCKWISE DOWNWARDS AND UPWARDS OPEN CIRCLE ARROWS;Miscellaneous Symbols and Pictographs
â˜„;â˜„;9732;5;0,435;0,125;0,750;0,125;0,000;NA;COMET;Miscellaneous Symbols
â˜¨;â˜¨;9768;5;0,458;0,125;0,750;0,125;0,000;NA;CROSS OF LORRAINE;Miscellaneous Symbols
